DATE,T2M,T2MDEW,PRECTOTCORR,WS10M,PS
2010-01-01,23.43,17.97,0.0,3.28,95.1
2010-01-02,22.71,16.1,0.0,3.39,95.24
2010-01-03,21.14,15.88,0.0,2.92,95.28
2010-01-04,21.93,14.5,0.0,2.39,95.12
2010-01-05,22.06,14.31,0.0,1.57,94.96
2010-01-06,21.89,15.33,0.0,2.83,94.99
2010-01-07,22.78,16.85,0.0,2.32,95.06
2010-01-08,23.21,16.81,0.0,2.11,95.09
2010-01-09,24.54,19.59,0.28,2.95,95.04
2010-01-10,24.44,19.07,0.41,2.59,95.13
2010-01-11,24.62,18.73,0.03,2.33,95.25
2010-01-12,24.87,19.56,2.17,1.61,95.3
2010-01-13,25.26,20.34,0.81,1.35,95.31
2010-01-14,25.0,18.96,0.05,3.3,95.37
2010-01-15,24.07,17.33,0.0,3.94,95.46
2010-01-16,23.04,16.54,0.0,4.18,95.56
2010-01-17,23.3,15.58,0.0,3.56,95.58
2010-01-18,23.24,16.71,0.0,2.74,95.49
2010-01-19,23.91,17.21,0.0,2.88,95.31
2010-01-20,23.63,16.95,0.2,2.73,95.36
2010-01-21,22.79,15.62,0.17,2.9,95.29
2010-01-22,21.66,12.78,0.0,2.56,95.28
2010-01-23,21.24,11.43,0.0,3.15,95.28
2010-01-24,21.57,13.17,0.0,2.88,95.2
2010-01-25,22.45,14.81,0.0,2.44,95.18
2010-01-26,23.4,15.75,0.0,2.81,95.25
2010-01-27,24.03,15.76,0.0,2.78,95.25
2010-01-28,24.04,16.84,0.0,3.86,95.28
2010-01-29,24.33,15.31,0.0,3.65,95.3
2010-01-30,24.07,14.33,0.0,3.05,95.3
2010-01-31,23.67,15.34,0.0,2.49,95.32
2010-02-01,23.83,14.95,0.0,2.89,95.27
2010-02-02,23.42,12.76,0.0,3.14,95.19
2010-02-03,23.51,11.03,0.0,3.48,95.18
2010-02-04,23.41,12.14,0.0,3.08,95.24
2010-02-05,23.56,11.98,0.0,3.54,95.28
2010-02-06,22.99,10.78,0.0,4.07,95.32
2010-02-07,23.19,12.6,0.0,3.7,95.3
2010-02-08,24.31,13.09,0.0,2.63,95.14
2010-02-09,24.86,12.95,0.0,1.84,95.04
2010-02-10,25.87,15.17,0.0,1.72,95.06
2010-02-11,25.94,12.98,0.0,2.41,95.21
2010-02-12,26.5,14.56,0.0,2.81,95.2
2010-02-13,26.96,15.27,0.07,2.39,95.09
2010-02-14,27.24,13.5,0.01,2.6,94.99
2010-02-15,26.2,13.22,0.0,3.21,95.01
2010-02-16,25.74,11.55,0.0,2.77,95.11
2010-02-17,26.2,14.22,0.0,2.55,95.17
2010-02-18,27.1,13.58,0.0,2.04,95.22
2010-02-19,26.46,14.39,0.0,2.24,95.25
2010-02-20,26.74,10.47,0.0,2.24,95.24
2010-02-21,27.15,13.03,0.0,2.64,95.23
2010-02-22,28.01,13.0,0.0,2.24,95.17
2010-02-23,27.93,15.28,0.1,1.53,95.09
2010-02-24,28.36,18.0,0.0,2.2,94.97
2010-02-25,28.6,17.5,0.0,1.65,94.98
2010-02-26,29.05,15.6,0.0,1.17,95.06
2010-02-27,28.96,13.31,0.0,2.08,95.05
2010-02-28,28.13,11.61,0.0,2.43,95.13
2010-03-01,27.12,8.26,0.0,2.61,95.2
2010-03-02,27.33,8.59,0.0,2.3,95.18
2010-03-03,27.84,6.27,0.0,1.92,95.05
2010-03-04,28.42,14.11,0.0,1.51,95.02
2010-03-05,28.87,18.0,0.0,2.62,95.03
2010-03-06,28.88,17.76,0.0,3.06,95.09
2010-03-07,29.66,16.56,0.0,2.23,95.08
2010-03-08,29.71,14.5,0.0,2.74,95.09
2010-03-09,29.19,10.67,0.0,2.75,95.18
2010-03-10,27.98,13.58,0.0,3.66,95.26
2010-03-11,28.18,15.27,0.0,4.48,95.33
2010-03-12,27.95,14.83,0.0,4.52,95.39
2010-03-13,28.26,13.7,0.0,3.18,95.27
2010-03-14,29.14,12.62,0.0,1.97,95.13
2010-03-15,30.02,14.79,0.0,1.6,95.04
2010-03-16,28.5,15.43,0.19,1.62,95.1
2010-03-17,28.49,12.61,0.01,3.1,95.19
2010-03-18,27.65,13.7,0.0,3.98,95.31
2010-03-19,27.92,12.1,0.0,3.16,95.2
2010-03-20,29.05,10.54,0.0,2.22,95.07
2010-03-21,29.36,9.24,0.0,2.2,94.94
2010-03-22,29.2,9.81,0.0,1.32,94.78
2010-03-23,29.2,11.97,0.0,2.21,94.67
2010-03-24,29.47,13.86,0.0,1.89,94.75
2010-03-25,29.15,12.95,0.0,1.91,94.81
2010-03-26,29.64,16.75,1.19,2.11,94.82
2010-03-27,29.12,19.57,1.23,2.78,94.92
2010-03-28,29.86,18.75,0.01,1.88,94.96
2010-03-29,29.43,19.45,0.0,2.19,95.02
2010-03-30,29.16,19.59,2.86,3.0,95.02
2010-03-31,28.27,20.09,0.93,3.51,95.03
2010-04-01,29.37,18.7,0.04,3.04,94.93
2010-04-02,30.57,18.28,0.01,2.76,94.86
2010-04-03,30.56,19.22,0.17,2.13,94.89
2010-04-04,30.66,18.13,0.08,1.98,94.99
2010-04-05,29.65,18.6,1.97,1.92,94.98
2010-04-06,28.64,14.66,0.49,3.03,95.01
2010-04-07,30.18,14.09,0.25,3.0,95.03
2010-04-08,28.71,17.73,5.06,2.67,95.16
2010-04-09,29.29,19.23,0.2,2.08,95.02
2010-04-10,28.73,19.61,0.0,2.15,94.83
2010-04-11,29.64,19.04,0.0,2.24,94.73
2010-04-12,28.44,21.36,1.75,3.27,94.82
2010-04-13,28.37,20.9,2.17,2.56,94.83
2010-04-14,27.7,21.68,1.27,1.95,94.86
2010-04-15,28.72,20.19,0.31,1.79,94.92
2010-04-16,28.36,18.44,2.74,1.94,94.94
2010-04-17,27.73,21.37,7.68,2.41,95.02
2010-04-18,27.55,21.27,1.26,2.51,95.04
2010-04-19,26.49,21.61,0.1,2.87,94.98
2010-04-20,26.48,22.01,3.39,2.55,94.83
2010-04-21,26.85,21.28,0.78,3.09,94.82
2010-04-22,28.79,20.65,0.48,1.48,94.82
2010-04-23,27.6,21.89,3.31,1.86,94.92
2010-04-24,26.88,22.45,3.07,1.57,94.9
2010-04-25,26.9,21.89,4.01,1.3,94.82
2010-04-26,27.41,21.27,4.45,1.05,95.03
2010-04-27,27.4,21.23,5.66,1.23,95.16
2010-04-28,27.49,21.22,2.96,1.69,95.05
2010-04-29,27.35,21.62,0.81,1.37,94.93
2010-04-30,26.5,21.79,15.45,1.83,95.0
2010-05-01,26.23,19.03,1.43,1.64,95.06
2010-05-02,26.49,20.56,4.28,1.26,94.92
2010-05-03,26.54,22.16,8.12,1.13,94.76
2010-05-04,26.81,22.29,6.25,2.06,94.63
2010-05-05,27.71,21.92,1.04,2.54,94.59
2010-05-06,29.07,21.55,1.45,1.84,94.53
2010-05-07,27.9,22.69,2.14,2.1,94.57
2010-05-08,27.95,22.51,2.14,1.78,94.63
2010-05-09,26.68,22.83,1.16,2.09,94.65
2010-05-10,27.49,21.41,0.43,2.65,94.65
2010-05-11,27.25,21.87,0.28,3.28,94.69
2010-05-12,28.39,21.89,0.02,2.79,94.68
2010-05-13,28.74,21.54,0.02,2.55,94.65
2010-05-14,27.47,21.35,0.02,3.45,94.7
2010-05-15,27.65,20.52,1.15,2.81,94.68
2010-05-16,28.29,22.29,1.55,3.05,94.62
2010-05-17,28.32,22.21,6.32,2.16,94.64
2010-05-18,26.25,22.34,4.09,3.77,94.6
2010-05-19,25.13,22.14,5.87,4.41,94.51
2010-05-20,26.0,22.83,2.48,5.91,94.51
2010-05-21,25.93,22.16,2.02,5.39,94.65
2010-05-22,26.65,20.84,0.37,4.33,94.7
2010-05-23,26.59,22.32,3.64,4.19,94.72
2010-05-24,26.17,22.39,1.19,4.49,94.72
2010-05-25,24.67,21.76,8.07,5.11,94.83
2010-05-26,25.72,20.64,2.02,4.59,94.79
2010-05-27,26.88,21.94,0.61,4.62,94.77
2010-05-28,26.64,22.29,7.96,4.58,94.86
2010-05-29,25.6,22.16,5.33,5.14,94.86
2010-05-30,25.44,21.36,7.4,4.98,94.89
2010-05-31,24.81,21.17,2.47,4.88,94.92
2010-06-01,26.31,21.01,0.2,4.45,94.88
2010-06-02,27.5,21.88,7.59,3.48,94.93
2010-06-03,27.61,20.82,1.42,2.75,94.99
2010-06-04,27.31,22.03,11.17,2.69,95.03
2010-06-05,24.94,21.85,6.35,4.17,95.05
2010-06-06,24.39,20.29,11.27,4.8,94.92
2010-06-07,23.77,20.26,5.86,4.58,94.91
2010-06-08,23.82,20.69,5.1,3.48,94.86
2010-06-09,24.93,21.9,8.53,3.96,94.66
2010-06-10,24.47,22.19,5.93,3.92,94.48
2010-06-11,23.94,22.05,19.89,6.13,94.42
2010-06-12,24.5,21.85,29.51,6.17,94.44
2010-06-13,24.1,22.52,16.08,4.87,94.53
2010-06-14,24.06,21.33,11.42,5.99,94.85
2010-06-15,24.23,21.23,3.09,5.05,94.83
2010-06-16,24.25,21.81,2.04,3.35,94.87
2010-06-17,23.91,21.51,6.44,4.8,94.88
2010-06-18,23.93,21.31,3.88,4.3,94.86
2010-06-19,24.41,20.92,2.32,4.42,94.8
2010-06-20,24.52,21.43,0.95,3.58,94.85
2010-06-21,24.26,20.93,2.11,3.61,94.87
2010-06-22,23.79,21.37,6.72,4.02,94.79
2010-06-23,24.15,21.59,9.19,5.74,94.78
2010-06-24,23.39,20.36,8.97,6.23,94.7
2010-06-25,23.51,20.32,5.52,6.12,94.58
2010-06-26,24.45,21.55,6.64,6.39,94.6
2010-06-27,24.71,21.97,5.62,5.04,94.63
2010-06-28,24.76,22.37,8.32,4.74,94.67
2010-06-29,24.6,22.13,6.09,5.04,94.69
2010-06-30,23.13,20.36,6.14,5.7,94.71
2010-07-01,21.89,19.49,4.23,5.45,94.71
2010-07-02,22.97,19.41,1.39,5.68,94.65
2010-07-03,23.16,19.94,5.4,6.14,94.65
2010-07-04,23.79,20.93,9.02,5.34,94.7
2010-07-05,22.6,19.98,6.56,5.6,94.81
2010-07-06,22.54,20.22,3.11,4.82,94.83
2010-07-07,23.2,20.31,1.08,3.42,94.92
2010-07-08,23.46,20.35,6.51,2.54,94.99
2010-07-09,22.88,20.21,1.44,1.82,94.93
2010-07-10,24.6,21.41,9.56,1.5,94.85
2010-07-11,25.16,22.07,2.58,2.67,94.87
2010-07-12,23.78,21.58,1.11,3.19,94.9
2010-07-13,23.2,21.22,4.13,3.2,94.91
2010-07-14,23.54,20.77,2.82,3.47,94.83
2010-07-15,23.75,21.08,7.49,4.18,94.69
2010-07-16,22.94,21.17,10.66,5.79,94.53
2010-07-17,22.48,20.16,9.77,5.63,94.63
2010-07-18,23.42,20.87,7.23,4.94,94.72
2010-07-19,23.48,21.13,11.11,6.63,94.65
2010-07-20,23.3,20.84,5.03,6.81,94.63
2010-07-21,23.41,20.99,5.13,5.57,94.71
2010-07-22,23.02,20.43,1.15,4.57,94.78
2010-07-23,22.9,20.07,1.92,4.41,94.83
2010-07-24,22.54,20.21,2.54,4.71,94.8
2010-07-25,22.68,20.36,3.3,5.57,94.66
2010-07-26,23.06,20.61,8.2,5.83,94.75
2010-07-27,23.68,21.26,8.27,5.59,94.79
2010-07-28,23.09,20.31,5.68,6.1,94.75
2010-07-29,22.92,20.42,18.6,6.29,94.69
2010-07-30,23.07,20.35,4.39,5.62,94.75
2010-07-31,23.25,20.61,1.32,5.34,94.85
2010-08-01,23.81,20.83,0.49,4.31,94.93
2010-08-02,23.77,20.83,2.17,4.22,94.87
2010-08-03,23.4,21.06,4.14,5.41,94.76
2010-08-04,23.44,21.34,4.93,5.49,94.69
2010-08-05,23.77,21.52,1.4,4.39,94.81
2010-08-06,23.84,21.48,1.95,4.59,94.88
2010-08-07,24.09,21.59,2.13,3.99,94.83
2010-08-08,24.08,21.79,2.17,3.87,94.81
2010-08-09,24.89,21.5,1.43,4.11,94.78
2010-08-10,24.72,21.14,0.44,3.82,94.75
2010-08-11,24.52,21.07,0.36,4.77,94.72
2010-08-12,24.83,21.58,0.82,4.53,94.56
2010-08-13,24.77,21.5,3.15,4.2,94.58
2010-08-14,23.87,21.56,5.94,4.17,94.64
2010-08-15,23.8,22.11,14.87,4.34,94.63
2010-08-16,23.04,21.1,13.53,5.65,94.73
2010-08-17,23.67,20.66,2.27,4.66,94.67
2010-08-18,23.4,20.63,1.11,4.29,94.69
2010-08-19,23.87,20.79,0.94,3.0,94.73
2010-08-20,23.21,20.99,35.53,2.24,94.8
2010-08-21,22.17,20.53,5.42,3.88,94.72
2010-08-22,23.22,21.16,0.7,3.95,94.66
2010-08-23,23.35,21.35,1.78,2.77,94.62
2010-08-24,22.84,21.12,5.27,4.32,94.51
2010-08-25,22.52,20.8,2.44,4.59,94.53
2010-08-26,23.02,20.55,2.08,4.4,94.66
2010-08-27,22.99,21.01,2.22,4.58,94.72
2010-08-28,23.63,21.71,3.13,4.24,94.73
2010-08-29,23.76,21.78,3.58,4.83,94.78
2010-08-30,22.37,20.57,3.8,5.75,94.83
2010-08-31,22.62,19.69,0.62,4.57,94.82
2010-09-01,22.76,20.56,0.23,3.76,94.89
2010-09-02,23.65,20.84,0.48,3.3,94.96
2010-09-03,23.83,21.03,0.7,3.62,94.82
2010-09-04,23.3,20.87,0.05,3.9,94.79
2010-09-05,23.62,20.65,0.26,3.73,94.96
2010-09-06,23.26,20.77,0.3,3.82,94.93
2010-09-07,23.68,20.85,2.37,4.45,94.79
2010-09-08,23.07,20.97,3.86,4.59,94.79
2010-09-09,23.67,21.21,11.01,3.94,94.85
2010-09-10,23.44,21.42,12.77,4.04,94.82
2010-09-11,23.01,20.0,4.6,3.3,94.88
2010-09-12,24.14,20.86,4.25,2.51,94.85
2010-09-13,23.0,20.4,5.56,3.42,94.84
2010-09-14,22.93,20.16,2.54,3.77,94.75
2010-09-15,22.55,20.28,4.46,4.14,94.75
2010-09-16,23.15,20.42,1.7,4.4,94.73
2010-09-17,23.85,20.98,1.0,4.28,94.68
2010-09-18,23.22,20.57,2.58,4.1,94.61
2010-09-19,23.62,20.59,1.44,3.57,94.61
2010-09-20,23.72,20.36,0.14,2.72,94.7
2010-09-21,23.96,20.31,3.13,1.37,94.84
2010-09-22,23.53,21.21,8.37,0.92,94.87
2010-09-23,23.96,21.37,18.32,1.24,94.8
2010-09-24,23.95,21.36,8.15,2.11,94.76
2010-09-25,23.85,20.84,2.24,1.97,94.83
2010-09-26,24.67,21.07,3.17,1.59,94.81
2010-09-27,24.56,21.53,4.22,1.97,94.81
2010-09-28,24.39,21.37,1.68,2.77,94.88
2010-09-29,23.88,20.63,0.24,2.66,94.92
2010-09-30,24.69,20.16,0.36,1.75,94.78
2010-10-01,25.07,21.05,5.35,1.08,94.65
2010-10-02,24.41,22.04,21.8,1.39,94.63
2010-10-03,24.25,21.72,11.0,1.11,94.71
2010-10-04,24.1,21.77,7.51,1.59,94.65
2010-10-05,23.88,22.01,4.86,2.85,94.55
2010-10-06,23.8,22.16,10.5,5.07,94.54
2010-10-07,23.65,22.55,11.08,4.13,94.52
2010-10-08,23.67,22.25,4.02,2.65,94.61
2010-10-09,23.6,21.28,2.38,2.99,94.67
2010-10-10,23.2,21.26,0.63,3.24,94.74
2010-10-11,23.44,21.04,0.06,3.5,94.9
2010-10-12,23.47,21.08,0.12,3.14,95.03
2010-10-13,23.39,21.68,4.14,3.38,94.97
2010-10-14,23.57,21.49,6.49,3.49,94.88
2010-10-15,23.34,21.3,6.01,4.25,94.82
2010-10-16,22.81,20.25,2.66,4.12,94.75
2010-10-17,22.8,20.21,2.0,3.53,94.74
2010-10-18,23.34,21.03,5.16,3.75,94.82
2010-10-19,23.7,21.7,12.71,3.22,94.88
2010-10-20,22.55,21.3,3.9,2.42,94.93
2010-10-21,23.6,21.61,7.37,3.1,94.78
2010-10-22,23.23,21.43,16.65,4.01,94.7
2010-10-23,23.0,21.12,5.62,3.55,94.76
2010-10-24,23.41,21.17,0.13,3.09,94.78
2010-10-25,23.9,21.2,0.0,2.6,94.83
2010-10-26,24.18,21.87,4.93,1.97,94.91
2010-10-27,22.88,21.97,15.27,2.18,95.03
2010-10-28,22.74,19.87,12.64,1.25,95.03
2010-10-29,22.9,20.58,9.92,1.22,94.95
2010-10-30,23.45,20.89,21.77,1.16,94.95
2010-10-31,22.71,21.24,11.66,1.65,94.89
2010-11-01,22.64,20.84,9.04,2.33,94.69
2010-11-02,23.18,21.22,1.72,2.36,94.75
2010-11-03,23.59,21.29,8.21,1.23,94.98
2010-11-04,23.73,21.56,10.36,1.21,95.04
2010-11-05,22.96,21.54,28.8,2.01,95.0
2010-11-06,22.01,19.75,6.96,1.75,94.87
2010-11-07,22.27,20.73,5.16,2.46,94.59
2010-11-08,22.83,20.88,0.41,3.09,94.66
2010-11-09,23.18,21.08,18.96,1.36,95.11
2010-11-10,23.6,21.54,14.04,1.15,95.21
2010-11-11,22.27,21.5,13.21,1.83,95.1
2010-11-12,23.16,20.57,2.17,1.06,94.86
2010-11-13,24.01,21.61,2.59,1.25,94.81
2010-11-14,23.25,21.28,4.9,2.55,95.05
2010-11-15,23.25,20.56,9.45,1.66,95.12
2010-11-16,23.48,21.35,20.59,1.06,94.89
2010-11-17,22.53,21.54,18.58,1.51,94.78
2010-11-18,22.86,21.12,8.41,2.96,95.02
2010-11-19,22.26,20.47,5.93,2.45,95.04
2010-11-20,22.71,20.64,9.78,1.63,94.87
2010-11-21,22.42,19.07,12.26,1.39,94.86
2010-11-22,22.82,20.22,21.7,1.6,94.77
2010-11-23,21.85,19.93,3.96,1.64,94.84
2010-11-24,22.14,20.55,3.29,2.38,94.93
2010-11-25,21.6,20.15,1.07,2.5,94.98
2010-11-26,21.31,19.71,3.49,2.19,94.9
2010-11-27,20.84,19.21,2.14,2.14,94.87
2010-11-28,21.41,20.01,7.66,3.37,94.9
2010-11-29,21.64,20.01,0.6,3.54,94.93
2010-11-30,21.9,20.05,0.37,3.47,94.84
2010-12-01,22.01,20.83,5.0,3.19,94.81
2010-12-02,22.76,21.23,9.97,2.85,94.82
2010-12-03,22.04,20.22,1.85,2.46,94.87
2010-12-04,21.08,19.11,0.03,2.07,94.77
2010-12-05,20.99,18.03,0.07,1.37,94.58
2010-12-06,20.97,16.84,0.0,1.41,94.58
2010-12-07,22.27,19.2,0.38,1.32,94.58
2010-12-08,21.56,19.64,1.34,2.11,94.67
2010-12-09,22.26,20.07,0.22,2.21,94.73
2010-12-10,21.84,19.91,0.01,2.74,94.82
2010-12-11,21.9,20.0,0.13,2.27,94.81
2010-12-12,20.92,19.13,1.19,2.42,94.74
2010-12-13,20.76,18.14,0.91,1.53,94.83
2010-12-14,21.54,19.28,0.32,1.48,94.91
2010-12-15,21.91,20.15,1.46,1.53,94.89
2010-12-16,22.6,20.32,3.19,1.17,94.9
2010-12-17,22.2,20.24,3.76,1.6,94.96
2010-12-18,22.19,20.27,1.11,2.39,94.93
2010-12-19,20.21,17.24,0.31,3.81,95.07
2010-12-20,21.82,19.98,1.44,3.96,95.11
2010-12-21,21.54,19.27,0.18,3.47,95.05
2010-12-22,19.76,15.95,0.0,2.55,94.92
2010-12-23,18.29,15.09,0.0,2.37,94.96
2010-12-24,18.8,15.83,0.0,2.23,95.0
2010-12-25,20.01,16.81,0.0,2.32,94.97
2010-12-26,19.92,16.84,0.0,2.31,95.03
2010-12-27,19.54,16.77,0.0,2.46,95.04
2010-12-28,19.63,16.51,0.14,2.52,95.01
2010-12-29,19.9,18.4,0.25,2.58,95.0
2010-12-30,21.34,19.13,0.07,3.03,95.0
2010-12-31,21.15,18.23,0.5,2.08,94.94
2011-01-01,22.09,18.73,0.18,1.27,94.84
2011-01-02,22.48,19.39,0.0,1.41,94.82
2011-01-03,22.07,19.5,0.0,2.67,94.92
2011-01-04,21.19,18.82,0.26,3.07,94.98
2011-01-05,21.63,19.01,0.07,3.35,94.89
2011-01-06,21.32,18.41,0.01,2.88,94.93
2011-01-07,21.85,18.07,0.0,2.4,94.91
2011-01-08,23.6,19.17,0.0,1.41,94.79
2011-01-09,23.82,19.51,0.73,1.5,94.83
2011-01-10,23.36,17.21,0.32,1.35,94.91
2011-01-11,21.44,15.62,0.0,1.49,94.96
2011-01-12,19.25,13.35,0.0,2.33,94.97
2011-01-13,19.33,13.53,0.0,2.58,95.01
2011-01-14,19.68,14.69,0.0,2.88,95.07
2011-01-15,20.51,16.75,0.0,3.26,95.14
2011-01-16,21.97,18.7,0.0,2.98,95.07
2011-01-17,22.48,18.48,0.0,2.12,95.02
2011-01-18,21.88,17.41,0.0,2.71,95.03
2011-01-19,20.25,13.63,0.0,2.73,95.02
2011-01-20,20.12,13.96,0.0,2.89,95.08
2011-01-21,20.46,14.75,0.0,3.27,95.08
2011-01-22,20.8,15.76,0.0,3.5,95.18
2011-01-23,20.62,15.85,0.0,3.98,95.27
2011-01-24,20.49,15.69,0.0,4.1,95.22
2011-01-25,20.58,15.63,0.0,3.87,95.18
2011-01-26,21.62,16.91,0.0,4.25,95.22
2011-01-27,22.0,15.86,0.0,4.16,95.3
2011-01-28,21.7,16.48,0.0,3.46,95.21
2011-01-29,22.48,16.7,0.0,3.42,95.14
2011-01-30,22.54,16.62,0.0,3.7,95.11
2011-01-31,22.5,15.61,0.0,3.68,95.12
2011-02-01,22.47,12.24,0.0,2.97,95.12
2011-02-02,20.81,12.52,0.0,3.55,95.17
2011-02-03,21.74,14.57,0.0,3.21,95.17
2011-02-04,22.73,14.56,0.0,2.21,95.15
2011-02-05,21.61,11.26,0.0,3.13,95.03
2011-02-06,21.57,13.59,0.0,2.92,95.02
2011-02-07,23.21,15.79,0.0,2.49,94.98
2011-02-08,23.88,14.36,0.0,1.73,94.77
2011-02-09,22.96,12.97,0.87,2.08,94.74
2011-02-10,22.03,10.79,6.75,2.91,94.94
2011-02-11,21.08,10.66,0.0,3.43,95.06
2011-02-12,21.71,12.04,0.0,3.18,95.04
2011-02-13,21.33,11.14,0.0,3.2,94.93
2011-02-14,22.45,12.1,0.0,1.79,94.91
2011-02-15,23.51,16.35,0.0,2.14,94.94
2011-02-16,24.7,17.52,0.0,1.34,94.98
2011-02-17,24.98,17.59,0.0,1.52,94.97
2011-02-18,25.28,17.57,0.0,1.8,94.94
2011-02-19,25.53,17.19,0.0,1.41,95.04
2011-02-20,25.86,17.8,0.0,1.65,95.08
2011-02-21,26.01,18.77,0.04,1.11,95.05
2011-02-22,25.81,19.18,2.5,2.08,95.02
2011-02-23,24.0,19.27,2.47,1.45,95.15
2011-02-24,23.58,19.83,5.88,1.33,95.09
2011-02-25,24.28,19.37,1.92,1.55,94.9
2011-02-26,25.01,19.26,16.24,1.27,94.89
2011-02-27,23.74,17.07,5.1,2.56,95.07
2011-02-28,24.33,14.94,0.0,3.25,95.08
2011-03-01,23.28,14.46,0.0,3.62,95.06
2011-03-02,23.44,12.72,0.0,3.42,95.01
2011-03-03,23.13,11.46,0.0,3.23,95.03
2011-03-04,24.41,13.14,0.0,2.38,94.97
2011-03-05,25.57,16.52,0.0,2.34,94.97
2011-03-06,25.27,13.38,0.0,2.85,95.1
2011-03-07,24.81,11.26,0.0,3.22,95.19
2011-03-08,25.56,11.75,0.0,2.71,95.08
2011-03-09,26.4,12.81,0.0,1.95,95.03
2011-03-10,26.42,11.9,0.0,1.6,95.02
2011-03-11,26.11,12.07,0.0,1.72,94.92
2011-03-12,25.72,12.77,0.0,2.96,94.9
2011-03-13,26.67,15.02,1.54,2.6,94.97
2011-03-14,26.75,14.04,0.66,2.98,94.91
2011-03-15,26.28,13.58,0.0,3.12,94.85
2011-03-16,26.13,12.21,0.0,3.19,94.75
2011-03-17,25.68,11.3,0.0,3.85,94.87
2011-03-18,24.78,11.41,0.0,3.19,94.86
2011-03-19,27.2,14.22,0.0,1.88,94.77
2011-03-20,27.57,17.29,0.66,2.1,94.78
2011-03-21,27.9,17.73,0.07,3.06,94.87
2011-03-22,28.75,17.83,0.0,1.97,94.89
2011-03-23,29.1,16.86,1.56,1.77,94.87
2011-03-24,28.53,17.49,0.8,2.05,94.89
2011-03-25,27.94,18.53,3.22,1.81,94.91
2011-03-26,28.28,18.53,0.33,1.6,94.96
2011-03-27,28.63,18.15,0.0,1.79,94.97
2011-03-28,28.41,17.74,0.0,2.09,94.94
2011-03-29,28.72,18.45,1.81,2.13,94.97
2011-03-30,28.94,15.32,0.37,2.07,95.0
2011-03-31,28.93,16.62,0.0,1.92,95.0
2011-04-01,28.72,18.44,0.0,3.31,94.98
2011-04-02,28.15,19.41,0.36,3.24,94.96
2011-04-03,27.69,18.62,0.24,3.09,95.0
2011-04-04,27.57,16.6,0.03,2.62,94.97
2011-04-05,27.69,16.84,0.0,2.33,94.97
2011-04-06,28.72,15.1,0.0,2.06,94.98
2011-04-07,28.75,12.72,0.0,2.75,95.03
2011-04-08,28.87,14.5,1.1,1.86,95.05
2011-04-09,29.4,16.6,0.32,1.64,95.06
2011-04-10,29.66,16.81,0.22,1.71,95.07
2011-04-11,29.48,18.2,3.38,2.02,94.99
2011-04-12,28.49,18.78,1.99,2.17,94.96
2011-04-13,28.61,19.1,2.19,2.27,94.95
2011-04-14,26.89,19.93,0.77,2.69,94.89
2011-04-15,26.54,20.35,4.57,1.68,94.8
2011-04-16,27.75,17.18,0.09,1.47,94.86
2011-04-17,28.45,16.82,0.26,1.85,94.95
2011-04-18,27.68,18.88,2.98,1.39,94.81
2011-04-19,25.39,20.71,3.92,2.08,94.77
2011-04-20,25.76,19.82,0.93,1.4,94.81
2011-04-21,26.13,19.41,23.27,1.52,94.81
2011-04-22,23.35,21.28,11.94,2.01,94.77
2011-04-23,23.2,21.1,28.25,1.51,94.77
2011-04-24,25.54,20.53,7.08,0.94,94.75
2011-04-25,25.6,21.53,10.09,1.57,94.7
2011-04-26,26.07,21.44,3.44,1.21,94.73
2011-04-27,26.62,21.33,0.18,1.44,94.67
2011-04-28,26.23,21.98,1.32,2.69,94.61
2011-04-29,25.63,21.89,0.33,3.06,94.63
2011-04-30,26.4,21.64,0.6,2.97,94.71
2011-05-01,26.41,21.94,3.33,2.47,94.81
2011-05-02,26.92,21.82,0.51,2.61,94.84
2011-05-03,26.32,22.43,9.77,3.35,94.79
2011-05-04,25.42,21.39,0.65,3.66,94.87
2011-05-05,26.7,21.8,0.12,2.07,94.8
2011-05-06,27.09,21.58,0.03,3.21,94.81
2011-05-07,26.11,20.39,0.0,4.57,94.82
2011-05-08,26.09,18.31,0.0,4.3,94.71
2011-05-09,26.29,19.56,0.37,4.22,94.77
2011-05-10,26.58,20.15,0.18,3.97,94.84
2011-05-11,26.75,19.79,0.03,3.61,94.84
2011-05-12,26.96,19.76,0.01,3.36,94.85
2011-05-13,27.22,20.12,1.57,3.34,94.81
2011-05-14,26.17,21.91,2.75,2.97,94.81
2011-05-15,26.81,21.04,0.19,3.03,94.88
2011-05-16,28.3,20.24,0.0,1.95,94.89
2011-05-17,27.16,21.6,1.57,2.78,94.98
2011-05-18,27.13,21.61,0.29,2.73,94.93
2011-05-19,27.27,21.2,0.1,3.06,94.88
2011-05-20,26.71,21.56,1.58,3.21,94.76
2011-05-21,25.21,20.84,0.36,3.09,94.78
2011-05-22,27.15,19.31,0.06,3.51,94.77
2011-05-23,27.02,20.54,0.81,3.37,94.83
2011-05-24,26.61,22.31,2.18,2.72,94.78
2011-05-25,26.49,22.34,0.77,2.36,94.7
2011-05-26,26.16,21.1,0.58,3.27,94.78
2011-05-27,26.0,20.88,17.06,3.44,94.8
2011-05-28,25.04,21.21,12.7,3.56,94.8
2011-05-29,25.25,21.21,4.56,3.24,94.81
2011-05-30,25.94,22.29,10.15,3.87,94.76
2011-05-31,24.37,22.31,12.79,4.58,94.69
2011-06-01,24.34,22.16,29.75,4.74,94.63
2011-06-02,24.01,22.38,23.23,5.55,94.64
2011-06-03,23.85,21.59,12.54,4.54,94.74
2011-06-04,24.28,21.6,8.82,4.84,94.72
2011-06-05,24.02,21.48,8.06,5.1,94.73
2011-06-06,24.28,21.47,8.16,4.99,94.75
2011-06-07,24.31,20.44,1.82,4.32,94.77
2011-06-08,24.68,21.62,1.49,4.27,94.76
2011-06-09,24.31,21.93,6.31,4.46,94.69
2011-06-10,24.92,21.95,1.62,5.46,94.71
2011-06-11,25.28,21.74,0.0,5.07,94.73
2011-06-12,24.69,21.94,0.0,5.09,94.81
2011-06-13,24.16,21.57,4.64,5.74,94.96
2011-06-14,22.75,20.75,11.58,5.2,94.95
2011-06-15,23.15,20.33,4.24,4.51,94.99
2011-06-16,22.96,19.54,6.02,5.86,94.97
2011-06-17,22.19,18.2,13.33,6.01,94.86
2011-06-18,23.59,19.7,4.76,6.11,94.72
2011-06-19,24.64,21.32,3.69,6.13,94.62
2011-06-20,24.42,21.21,2.21,5.07,94.69
2011-06-21,24.43,21.01,1.03,4.98,94.78
2011-06-22,24.35,20.97,0.91,5.14,94.68
2011-06-23,24.82,21.52,2.47,4.68,94.59
2011-06-24,24.53,21.81,5.2,4.88,94.6
2011-06-25,24.58,22.1,13.08,5.17,94.58
2011-06-26,24.04,21.82,5.47,5.37,94.65
2011-06-27,23.78,20.45,2.24,6.2,94.71
2011-06-28,23.38,19.97,0.66,5.53,94.7
2011-06-29,23.92,20.92,0.17,4.34,94.76
2011-06-30,25.0,21.23,0.9,3.6,94.75
2011-07-01,24.33,21.45,4.47,3.63,94.77
2011-07-02,23.75,20.11,0.25,4.09,94.76
2011-07-03,23.88,19.65,0.64,3.97,94.79
2011-07-04,23.57,19.36,2.44,5.01,94.86
2011-07-05,22.44,18.85,9.5,4.41,94.82
2011-07-06,23.07,20.59,6.85,5.1,94.65
2011-07-07,23.87,20.42,5.89,4.78,94.71
2011-07-08,22.93,20.37,2.49,4.39,94.99
2011-07-09,23.48,19.83,2.48,3.55,94.99
2011-07-10,23.55,19.61,3.11,3.64,94.88
2011-07-11,23.91,21.47,6.21,4.85,94.73
2011-07-12,22.59,19.81,4.97,6.41,94.61
2011-07-13,23.06,18.9,1.74,6.58,94.56
2011-07-14,22.91,18.79,4.37,6.85,94.66
2011-07-15,22.74,19.9,6.67,7.24,94.67
2011-07-16,23.17,20.48,11.8,7.14,94.61
2011-07-17,23.18,20.62,10.53,6.73,94.63
2011-07-18,22.77,20.73,6.85,6.52,94.72
2011-07-19,23.22,20.78,3.16,5.8,94.78
2011-07-20,23.05,20.67,2.27,6.3,94.81
2011-07-21,23.3,20.3,3.43,5.52,94.8
2011-07-22,22.68,20.3,4.27,4.99,94.78
2011-07-23,23.29,20.71,3.27,5.33,94.71
2011-07-24,23.19,20.62,3.76,5.65,94.63
2011-07-25,23.09,20.32,3.22,5.46,94.71
2011-07-26,23.39,19.97,2.25,4.93,94.82
2011-07-27,22.8,19.73,0.92,5.62,94.84
2011-07-28,22.69,19.83,2.2,5.1,94.78
2011-07-29,22.27,18.86,6.7,4.66,94.73
2011-07-30,22.82,20.5,6.01,4.36,94.69
2011-07-31,23.86,21.0,1.7,4.68,94.66
2011-08-01,23.61,20.33,0.46,4.83,94.73
2011-08-02,24.35,21.21,1.74,5.63,94.74
2011-08-03,23.19,20.97,6.36,5.72,94.76
2011-08-04,23.67,20.59,3.65,6.02,94.82
2011-08-05,23.04,20.38,12.6,5.45,94.82
2011-08-06,23.2,20.16,14.74,6.38,94.74
2011-08-07,22.92,20.59,4.63,5.3,94.69
2011-08-08,23.23,20.85,4.05,4.68,94.68
2011-08-09,23.43,20.81,2.43,4.68,94.73
2011-08-10,23.7,20.66,2.71,4.38,94.79
2011-08-11,23.53,20.85,2.29,4.55,94.79
2011-08-12,23.14,20.45,5.74,4.25,94.63
2011-08-13,23.74,20.47,0.88,4.11,94.56
2011-08-14,23.48,20.0,0.17,3.04,94.79
2011-08-15,23.94,20.69,3.86,3.0,94.88
2011-08-16,23.67,20.69,0.71,3.07,94.81
2011-08-17,23.92,20.69,5.65,2.71,94.73
2011-08-18,23.29,20.39,2.39,4.38,94.74
2011-08-19,23.43,20.57,2.54,4.24,94.72
2011-08-20,23.76,21.22,4.16,4.11,94.71
2011-08-21,23.28,20.44,0.68,4.58,94.73
2011-08-22,23.61,20.07,0.3,3.71,94.78
2011-08-23,23.74,20.18,1.77,4.18,94.78
2011-08-24,22.77,20.1,1.6,4.44,94.76
2011-08-25,22.99,20.75,2.54,4.51,94.81
2011-08-26,23.47,20.56,1.04,4.21,94.86
2011-08-27,23.82,20.45,1.02,5.18,94.85
2011-08-28,23.93,20.88,2.93,5.3,94.8
2011-08-29,23.8,21.0,7.56,6.07,94.79
2011-08-30,23.64,19.95,5.6,5.81,94.81
2011-08-31,23.28,20.51,19.57,6.4,94.7
2011-09-01,23.07,21.41,19.1,6.4,94.65
2011-09-02,23.6,21.51,17.91,5.22,94.7
2011-09-03,22.85,21.0,4.78,5.01,94.73
2011-09-04,23.74,21.19,2.98,4.85,94.76
2011-09-05,23.91,21.19,2.26,4.25,94.85
2011-09-06,23.54,21.22,3.6,4.83,94.91
2011-09-07,23.39,20.66,1.83,4.58,94.88
2011-09-08,24.04,21.38,2.35,3.88,94.81
2011-09-09,23.67,21.19,4.45,4.22,94.87
2011-09-10,23.75,21.3,6.39,4.38,94.87
2011-09-11,23.51,21.09,2.83,4.37,94.74
2011-09-12,23.42,20.32,16.15,4.33,94.69
2011-09-13,22.47,19.51,8.97,4.75,94.72
2011-09-14,21.69,19.69,6.26,4.56,94.75
2011-09-15,22.92,20.68,5.89,5.17,94.69
2011-09-16,23.94,21.18,1.66,4.01,94.8
2011-09-17,23.97,21.19,0.56,3.8,94.86
2011-09-18,23.74,20.94,0.39,3.79,94.95
2011-09-19,23.76,20.98,1.51,4.02,95.01
2011-09-20,23.87,21.11,1.28,3.72,95.08
2011-09-21,23.2,20.09,1.4,4.07,94.99
2011-09-22,23.49,20.11,0.2,3.98,94.91
2011-09-23,23.78,19.51,0.02,3.42,94.85
2011-09-24,23.82,19.69,0.1,3.49,94.93
2011-09-25,24.15,20.37,0.03,3.12,95.0
2011-09-26,24.73,20.09,0.22,3.08,95.04
2011-09-27,24.86,20.58,0.04,3.03,94.92
2011-09-28,24.91,19.93,0.0,3.37,94.89
2011-09-29,25.09,19.83,0.21,2.8,94.85
2011-09-30,24.27,21.58,3.34,1.86,94.89
2011-10-01,24.85,20.62,2.41,2.07,94.9
2011-10-02,24.4,21.13,0.15,2.38,94.9
2011-10-03,24.28,21.49,0.26,2.31,94.86
2011-10-04,24.51,19.72,0.26,2.66,94.85
2011-10-05,24.56,19.18,0.26,2.49,94.96
2011-10-06,24.81,19.79,0.35,2.78,95.07
2011-10-07,24.64,20.02,0.18,2.72,95.04
2011-10-08,24.69,20.3,0.43,3.26,95.02
2011-10-09,24.03,20.5,3.44,2.7,95.02
2011-10-10,23.4,21.39,6.9,2.42,95.01
2011-10-11,23.81,20.93,2.11,1.38,95.03
2011-10-12,23.86,21.08,19.26,2.06,94.98
2011-10-13,24.67,21.3,12.05,1.04,94.85
2011-10-14,24.87,21.36,12.38,1.02,94.85
2011-10-15,24.12,21.57,9.56,1.18,94.82
2011-10-16,22.61,20.34,10.05,1.61,94.82
2011-10-17,24.04,20.72,1.47,1.1,94.84
2011-10-18,24.42,21.16,6.92,1.25,94.88
2011-10-19,24.01,21.27,16.04,1.1,94.82
2011-10-20,24.72,21.29,3.63,0.78,94.79
2011-10-21,24.62,21.48,5.04,0.93,94.78
2011-10-22,24.45,21.17,2.34,2.23,94.78
2011-10-23,23.13,20.91,10.41,2.53,94.9
2011-10-24,23.68,20.98,6.33,2.85,94.87
2011-10-25,22.56,20.37,9.68,3.29,94.85
2011-10-26,22.59,20.7,6.48,4.86,94.86
2011-10-27,23.18,20.98,9.86,3.24,94.93
2011-10-28,22.77,20.52,5.07,3.18,94.95
2011-10-29,21.94,19.8,18.97,3.64,94.92
2011-10-30,21.97,20.27,7.44,3.81,94.81
2011-10-31,22.93,21.0,8.94,3.6,94.8
2011-11-01,22.64,21.01,14.08,4.17,94.85
2011-11-02,22.11,20.42,12.96,1.93,94.85
2011-11-03,22.73,19.98,11.96,1.19,94.84
2011-11-04,23.22,19.89,5.33,1.12,94.91
2011-11-05,23.17,21.08,5.96,1.92,95.03
2011-11-06,23.16,21.91,23.6,1.41,95.05
2011-11-07,22.33,20.51,4.91,1.69,95.12
2011-11-08,20.72,17.12,0.15,2.81,95.16
2011-11-09,19.76,15.75,0.0,2.78,95.11
2011-11-10,19.95,15.73,0.0,2.42,95.1
2011-11-11,21.03,16.04,0.0,1.75,95.11
2011-11-12,21.95,17.48,0.0,1.37,95.08
2011-11-13,21.04,16.68,0.0,2.19,95.08
2011-11-14,21.66,18.92,0.0,2.67,95.1
2011-11-15,21.28,17.38,0.0,3.17,95.16
2011-11-16,21.52,17.55,0.14,2.51,95.06
2011-11-17,22.03,19.45,0.36,2.85,95.02
2011-11-18,23.17,20.64,0.25,3.65,95.03
2011-11-19,21.77,17.78,0.02,3.67,95.05
2011-11-20,20.27,16.37,0.0,4.12,95.12
2011-11-21,21.48,18.1,0.0,4.12,95.15
2011-11-22,21.77,18.19,0.0,4.01,95.07
2011-11-23,21.52,18.67,0.06,4.12,95.0
2011-11-24,22.95,20.06,1.31,4.77,94.95
2011-11-25,22.62,20.8,10.42,6.19,94.83
2011-11-26,22.48,20.96,24.94,7.71,94.6
2011-11-27,22.56,21.47,6.37,3.47,94.76
2011-11-28,23.16,21.57,19.32,1.46,94.81
2011-11-29,23.29,21.33,4.49,2.24,94.89
2011-11-30,23.07,21.24,1.11,3.17,94.95
2011-12-01,22.02,19.79,0.18,2.36,95.01
2011-12-02,23.08,20.24,0.0,1.56,94.94
2011-12-03,23.56,20.32,0.0,1.21,94.8
2011-12-04,23.31,20.44,0.93,1.18,94.89
2011-12-05,21.97,19.11,0.38,2.48,95.0
2011-12-06,20.67,16.71,0.05,2.82,95.03
2011-12-07,20.29,16.75,0.0,3.46,95.04
2011-12-08,20.05,17.14,0.0,3.45,95.03
2011-12-09,22.45,20.06,0.82,3.28,94.97
2011-12-10,23.05,20.19,0.17,3.05,95.03
2011-12-11,22.82,19.79,0.0,3.02,95.05
2011-12-12,22.07,18.56,0.0,2.8,95.08
2011-12-13,22.42,18.5,0.0,3.56,95.09
2011-12-14,22.5,18.78,0.0,3.34,95.12
2011-12-15,21.65,17.94,0.28,2.84,95.14
2011-12-16,21.64,17.43,0.06,4.24,95.19
2011-12-17,20.1,15.43,0.0,3.49,95.18
2011-12-18,20.01,16.02,0.0,3.9,95.17
2011-12-19,20.39,16.37,0.01,3.13,95.18
2011-12-20,20.08,14.08,0.0,3.35,95.1
2011-12-21,19.84,15.49,0.0,3.66,95.08
2011-12-22,19.64,15.03,0.0,3.42,95.09
2011-12-23,20.65,15.76,0.0,2.43,95.01
2011-12-24,20.97,14.76,0.0,3.06,94.95
2011-12-25,20.39,11.75,0.0,2.93,94.97
2011-12-26,20.62,10.38,0.0,2.07,95.04
2011-12-27,21.75,11.59,0.0,1.44,95.01
2011-12-28,21.71,12.57,0.0,1.49,95.01
2011-12-29,22.94,11.8,0.07,1.66,94.89
2011-12-30,23.79,18.72,8.9,3.42,94.79
2011-12-31,21.55,19.64,7.81,4.77,95.0
2012-01-01,21.62,16.17,0.12,2.75,95.1
2012-01-02,22.66,16.5,0.0,2.14,95.1
2012-01-03,23.2,17.42,0.0,2.28,95.09
2012-01-04,23.93,19.24,0.0,2.72,95.12
2012-01-05,24.23,18.92,0.0,3.07,95.26
2012-01-06,23.01,16.78,0.0,3.1,95.35
2012-01-07,22.18,15.41,0.0,3.33,95.39
2012-01-08,22.58,17.77,0.0,3.41,95.35
2012-01-09,24.16,18.54,0.0,2.19,95.22
2012-01-10,24.23,17.87,0.02,1.59,95.16
2012-01-11,23.88,17.91,0.1,1.38,95.18
2012-01-12,23.32,17.46,0.02,2.35,95.18
2012-01-13,23.04,17.01,0.0,3.27,95.25
2012-01-14,22.47,15.22,0.0,3.36,95.17
2012-01-15,20.74,12.28,0.0,3.22,95.06
2012-01-16,19.81,9.76,0.0,2.89,95.0
2012-01-17,20.84,11.21,0.0,2.26,94.93
2012-01-18,21.54,11.49,0.0,1.45,94.9
2012-01-19,23.16,15.57,0.09,1.54,94.88
2012-01-20,23.29,15.2,0.08,1.16,94.97
2012-01-21,22.27,13.85,0.0,2.04,95.03
2012-01-22,21.72,13.36,0.0,2.93,95.16
2012-01-23,21.27,13.19,0.0,3.38,95.19
2012-01-24,20.78,12.33,0.0,3.04,95.16
2012-01-25,20.45,11.0,0.0,2.91,95.12
2012-01-26,20.97,12.49,0.0,2.79,95.1
2012-01-27,22.09,14.48,0.0,2.02,95.08
2012-01-28,22.46,15.41,0.0,2.39,95.03
2012-01-29,23.42,16.1,0.0,2.36,95.0
2012-01-30,22.89,15.4,0.03,3.54,95.11
2012-01-31,22.51,14.33,0.04,3.91,95.21
2012-02-01,22.34,11.44,0.01,4.35,95.21
2012-02-02,21.66,13.08,0.0,4.17,95.23
2012-02-03,22.71,14.2,0.0,4.52,95.25
2012-02-04,23.06,13.86,0.0,2.9,95.19
2012-02-05,23.55,14.3,0.0,2.74,95.16
2012-02-06,23.45,13.5,0.0,2.75,95.13
2012-02-07,25.15,15.68,0.0,2.96,95.04
2012-02-08,25.12,14.73,0.0,2.89,94.98
2012-02-09,24.95,17.42,0.0,2.41,94.96
2012-02-10,24.79,17.23,0.69,2.78,95.01
2012-02-11,23.39,17.69,2.14,2.32,95.05
2012-02-12,23.74,15.49,0.61,3.02,95.1
2012-02-13,24.36,13.53,0.0,3.03,95.14
2012-02-14,24.95,12.94,0.0,2.59,95.18
2012-02-15,25.88,14.88,0.0,1.7,95.05
2012-02-16,26.86,15.11,0.0,1.6,94.87
2012-02-17,26.33,15.14,0.0,2.28,94.94
2012-02-18,25.4,13.58,0.0,3.34,95.07
2012-02-19,24.91,9.22,0.0,3.8,95.1
2012-02-20,24.56,6.92,0.0,3.1,95.04
2012-02-21,25.76,9.3,0.0,2.81,94.91
2012-02-22,25.39,8.37,0.0,3.6,94.91
2012-02-23,24.84,6.59,0.0,3.93,94.9
2012-02-24,24.95,5.5,0.0,3.65,94.9
2012-02-25,25.0,4.38,0.0,4.3,94.76
2012-02-26,25.26,2.76,0.0,3.9,94.74
2012-02-27,25.97,3.79,0.0,3.79,94.78
2012-02-28,26.69,9.12,0.0,1.92,94.76
2012-02-29,27.87,13.84,0.0,1.77,94.64
2012-03-01,28.54,15.45,0.0,1.85,94.73
2012-03-02,28.28,17.73,0.0,2.67,94.75
2012-03-03,28.53,14.19,0.0,2.76,94.71
2012-03-04,27.9,14.85,0.0,2.34,94.75
2012-03-05,28.04,16.85,0.0,2.05,94.86
2012-03-06,28.42,16.98,0.0,2.06,94.85
2012-03-07,27.55,18.4,0.02,3.28,94.72
2012-03-08,26.6,17.82,0.0,3.42,94.68
2012-03-09,27.7,13.54,0.0,2.32,94.64
2012-03-10,27.5,15.01,0.0,1.38,94.65
2012-03-11,28.12,12.34,0.0,3.16,94.77
2012-03-12,26.18,16.19,0.03,3.25,95.05
2012-03-13,28.67,16.61,0.08,3.37,95.06
2012-03-14,28.48,17.75,0.0,3.33,95.09
2012-03-15,29.56,16.28,0.0,2.65,95.1
2012-03-16,29.35,16.74,1.1,2.14,95.1
2012-03-17,29.24,15.82,0.61,1.92,95.03
2012-03-18,29.37,13.79,0.0,2.19,95.06
2012-03-19,29.55,15.39,0.0,2.32,95.07
2012-03-20,29.31,15.87,0.0,2.18,95.0
2012-03-21,29.12,16.28,0.0,2.78,94.95
2012-03-22,29.32,15.87,0.29,2.07,94.96
2012-03-23,28.96,13.83,0.11,2.46,95.03
2012-03-24,28.59,10.94,0.0,2.64,95.04
2012-03-25,27.88,6.19,0.0,2.65,95.04
2012-03-26,27.45,7.92,0.0,2.89,95.08
2012-03-27,27.25,11.02,0.32,2.03,95.15
2012-03-28,28.76,16.62,0.64,1.99,95.23
2012-03-29,28.44,17.8,0.38,2.16,95.19
2012-03-30,28.81,18.11,0.25,3.58,95.02
2012-03-31,29.63,16.85,3.83,1.57,94.97
2012-04-01,29.09,17.68,1.75,2.37,95.01
2012-04-02,27.56,16.99,0.47,1.91,95.15
2012-04-03,28.47,15.98,0.03,1.83,95.22
2012-04-04,28.59,16.36,0.32,2.2,95.16
2012-04-05,29.12,17.36,0.11,2.53,94.96
2012-04-06,29.0,18.57,4.74,2.83,94.88
2012-04-07,29.06,18.23,1.16,1.92,94.81
2012-04-08,29.67,17.66,0.05,1.48,94.81
2012-04-09,28.66,19.32,0.3,2.43,94.92
2012-04-10,29.17,19.11,0.17,2.19,94.92
2012-04-11,29.82,18.27,0.66,2.45,94.85
2012-04-12,28.89,18.14,0.2,2.9,94.83
2012-04-13,29.5,17.18,0.0,1.95,94.77
2012-04-14,29.84,17.01,0.0,2.23,94.87
2012-04-15,29.64,16.92,0.21,1.21,94.91
2012-04-16,29.45,18.08,0.43,1.87,94.85
2012-04-17,27.51,20.08,1.25,3.36,94.77
2012-04-18,27.99,20.07,2.82,2.85,94.7
2012-04-19,28.12,19.57,0.6,2.47,94.76
2012-04-20,29.36,18.83,2.19,1.89,94.82
2012-04-21,29.37,19.37,0.66,2.88,94.78
2012-04-22,29.64,19.68,0.13,1.89,94.59
2012-04-23,27.57,21.39,6.14,2.42,94.61
2012-04-24,26.13,21.73,20.09,1.86,94.74
2012-04-25,24.92,22.1,16.38,1.99,94.79
2012-04-26,24.97,21.36,8.14,1.2,94.81
2012-04-27,24.72,21.7,8.37,1.92,94.79
2012-04-28,25.42,21.56,2.36,3.29,94.76
2012-04-29,26.31,21.24,5.54,2.51,94.69
2012-04-30,25.39,22.03,3.46,2.56,94.66
2012-05-01,26.23,21.56,0.65,2.8,94.74
2012-05-02,26.0,21.5,0.63,3.02,94.85
2012-05-03,25.94,22.06,5.47,3.79,94.8
2012-05-04,25.75,21.92,2.69,3.81,94.73
2012-05-05,25.87,20.35,1.24,3.99,94.81
2012-05-06,26.73,19.75,0.14,3.22,94.85
2012-05-07,27.78,19.3,0.3,2.77,94.73
2012-05-08,27.4,20.6,5.24,2.87,94.74
2012-05-09,26.68,20.86,0.69,2.71,94.89
2012-05-10,26.87,20.63,2.11,2.58,94.96
2012-05-11,25.26,21.82,8.56,2.36,94.86
2012-05-12,25.05,21.92,6.82,2.9,94.73
2012-05-13,26.62,20.68,0.57,2.99,94.71
2012-05-14,26.46,21.93,0.03,2.81,94.76
2012-05-15,26.12,21.95,1.42,3.13,94.89
2012-05-16,26.42,21.32,0.24,3.13,94.79
2012-05-17,26.6,21.53,0.04,3.72,94.71
2012-05-18,26.46,22.05,1.51,2.85,94.73
2012-05-19,26.72,22.25,1.08,3.55,94.78
2012-05-20,26.19,21.66,0.1,2.13,94.74
2012-05-21,25.52,20.95,2.18,3.86,94.76
2012-05-22,25.84,20.87,0.52,2.95,94.78
2012-05-23,25.87,20.3,0.14,3.64,94.82
2012-05-24,26.37,21.19,0.08,4.33,94.74
2012-05-25,26.33,20.88,0.04,4.78,94.69
2012-05-26,25.53,21.33,0.17,4.1,94.72
2012-05-27,24.95,21.73,0.71,4.17,94.75
2012-05-28,26.14,21.43,0.12,4.34,94.69
2012-05-29,25.75,21.59,0.0,3.54,94.78
2012-05-30,26.09,21.09,0.04,4.43,94.69
2012-05-31,25.77,20.93,0.05,5.07,94.61
2012-06-01,25.21,20.52,0.05,3.8,94.68
2012-06-02,26.7,20.94,0.04,4.92,94.65
2012-06-03,26.46,21.73,5.74,5.22,94.64
2012-06-04,25.42,21.79,6.42,4.78,94.69
2012-06-05,24.93,20.83,4.44,6.0,94.69
2012-06-06,24.58,20.66,9.12,6.17,94.63
2012-06-07,23.59,19.79,3.9,5.87,94.67
2012-06-08,25.12,19.29,1.17,5.24,94.78
2012-06-09,25.48,20.39,1.33,5.31,94.81
2012-06-10,25.47,20.62,0.99,5.13,94.73
2012-06-11,24.25,21.03,1.73,4.51,94.68
2012-06-12,24.83,20.48,4.15,5.37,94.64
2012-06-13,24.43,19.05,2.53,4.82,94.69
2012-06-14,23.85,19.81,5.04,4.63,94.78
2012-06-15,24.3,20.29,3.26,5.06,94.77
2012-06-16,24.09,20.74,8.26,5.43,94.75
2012-06-17,23.3,19.97,15.36,6.19,94.83
2012-06-18,23.32,20.77,9.29,6.22,94.9
2012-06-19,24.36,20.74,5.34,6.04,94.89
2012-06-20,24.01,21.38,4.17,5.59,94.79
2012-06-21,24.08,20.9,5.45,5.1,94.82
2012-06-22,24.13,20.91,1.97,5.0,94.83
2012-06-23,25.21,20.88,0.45,4.29,94.75
2012-06-24,24.9,21.02,1.6,4.33,94.73
2012-06-25,24.6,21.25,1.97,4.0,94.87
2012-06-26,24.37,21.28,0.72,3.84,94.93
2012-06-27,23.76,19.98,4.29,3.88,94.96
2012-06-28,23.02,19.9,5.53,3.93,94.91
2012-06-29,22.96,20.24,6.48,4.35,94.8
2012-06-30,23.69,20.22,3.61,5.76,94.66
2012-07-01,22.97,20.05,6.74,6.08,94.54
2012-07-02,22.95,20.25,4.66,6.17,94.47
2012-07-03,24.02,20.56,1.86,6.44,94.44
2012-07-04,24.39,20.66,1.42,5.61,94.41
2012-07-05,24.43,20.75,0.64,4.38,94.57
2012-07-06,24.93,21.06,1.64,4.47,94.58
2012-07-07,24.73,21.13,2.94,4.5,94.52
2012-07-08,24.62,21.33,1.61,4.38,94.5
2012-07-09,24.2,21.66,7.47,4.95,94.53
2012-07-10,23.87,20.95,6.88,4.91,94.63
2012-07-11,23.75,20.4,3.88,4.8,94.72
2012-07-12,24.55,20.73,1.15,4.13,94.75
2012-07-13,24.67,20.64,4.34,4.37,94.71
2012-07-14,24.49,21.11,4.51,3.7,94.63
2012-07-15,24.62,21.1,1.36,2.94,94.7
2012-07-16,24.85,20.88,1.13,2.19,94.78
2012-07-17,25.01,20.28,0.69,2.71,94.87
2012-07-18,24.01,20.06,0.35,4.03,94.93
2012-07-19,24.3,20.45,0.21,4.76,94.87
2012-07-20,24.92,20.92,2.35,5.46,94.75
2012-07-21,24.58,20.87,3.72,6.16,94.76
2012-07-22,24.36,20.76,1.44,6.38,94.74
2012-07-23,24.98,20.65,0.24,5.81,94.66
2012-07-24,24.8,20.67,1.42,5.18,94.63
2012-07-25,24.34,21.12,3.58,5.09,94.72
2012-07-26,24.69,20.67,1.87,5.35,94.73
2012-07-27,24.21,20.71,0.7,4.56,94.65
2012-07-28,24.42,20.63,0.88,4.72,94.72
2012-07-29,24.26,20.66,0.57,4.18,94.87
2012-07-30,24.5,20.32,0.63,4.62,94.94
2012-07-31,24.08,20.41,0.29,4.73,94.9
2012-08-01,24.51,20.1,0.01,4.64,94.94
2012-08-02,23.99,20.41,0.17,5.13,94.96
2012-08-03,23.77,20.75,0.81,5.12,94.86
2012-08-04,24.31,20.45,0.43,5.7,94.77
2012-08-05,24.82,20.64,1.67,5.49,94.79
2012-08-06,24.35,20.38,5.8,4.88,94.85
2012-08-07,24.19,20.1,4.43,5.01,94.87
2012-08-08,24.19,20.7,5.0,4.61,94.9
2012-08-09,23.76,20.82,4.23,4.71,94.85
2012-08-10,23.71,20.46,7.22,5.11,94.79
2012-08-11,23.67,20.5,4.32,5.34,94.87
2012-08-12,23.74,20.61,1.46,4.26,94.88
2012-08-13,23.75,19.7,0.73,3.84,94.87
2012-08-14,24.05,19.14,4.03,3.48,94.86
2012-08-15,23.96,20.4,2.82,4.1,94.9
2012-08-16,24.14,20.57,6.29,3.78,94.81
2012-08-17,23.46,20.33,7.21,5.03,94.76
2012-08-18,23.03,19.64,1.63,5.54,94.78
2012-08-19,24.29,18.89,0.2,4.9,94.7
2012-08-20,24.97,19.74,0.0,4.08,94.69
2012-08-21,25.08,20.47,1.3,3.85,94.76
2012-08-22,25.05,20.38,0.15,1.87,94.79
2012-08-23,25.22,20.88,1.55,2.69,94.82
2012-08-24,25.39,20.39,7.01,2.89,94.82
2012-08-25,24.13,21.23,3.11,3.77,94.8
2012-08-26,23.3,20.49,1.51,3.68,94.81
2012-08-27,22.96,19.66,5.47,4.5,94.86
2012-08-28,23.73,20.36,6.79,4.89,94.84
2012-08-29,23.59,20.63,9.89,5.4,94.84
2012-08-30,23.42,20.57,6.72,5.55,94.79
2012-08-31,23.77,20.7,7.28,5.65,94.75
2012-09-01,23.08,19.96,1.16,5.37,94.8
2012-09-02,24.17,20.7,2.59,5.22,94.82
2012-09-03,23.75,21.0,7.93,5.51,94.68
2012-09-04,23.61,20.43,5.56,6.14,94.77
2012-09-05,24.22,20.21,1.39,4.66,94.8
2012-09-06,24.4,20.86,3.4,4.43,94.89
2012-09-07,24.11,20.5,1.88,4.67,94.91
2012-09-08,24.05,20.21,3.44,4.89,94.9
2012-09-09,23.14,20.36,6.6,4.93,94.96
2012-09-10,22.52,19.17,2.18,4.84,94.99
2012-09-11,23.11,19.58,3.35,4.25,94.92
2012-09-12,23.69,19.8,2.21,4.04,94.95
2012-09-13,24.59,20.92,4.29,4.2,94.97
2012-09-14,24.56,20.97,3.82,4.42,94.93
2012-09-15,24.15,21.19,3.68,4.52,94.86
2012-09-16,23.52,20.83,1.61,3.7,94.87
2012-09-17,24.62,20.62,1.05,3.47,94.87
2012-09-18,24.54,20.05,0.56,3.48,94.87
2012-09-19,25.16,20.14,0.06,2.89,94.77
2012-09-20,25.08,19.54,0.0,3.25,94.84
2012-09-21,25.09,19.84,0.0,2.84,94.88
2012-09-22,24.88,19.39,0.01,3.46,94.99
2012-09-23,24.36,18.93,0.01,3.06,94.95
2012-09-24,24.89,18.51,0.32,3.41,94.92
2012-09-25,24.55,18.56,0.07,3.58,94.93
2012-09-26,25.33,19.97,0.0,3.54,94.99
2012-09-27,25.18,20.59,2.16,2.6,95.03
2012-09-28,24.34,20.62,1.55,2.58,94.96
2012-09-29,24.74,20.22,0.98,3.09,94.86
2012-09-30,24.16,20.68,4.62,3.85,94.85
2012-10-01,24.41,20.74,1.34,4.44,94.87
2012-10-02,24.47,20.33,0.65,4.51,94.95
2012-10-03,24.01,19.31,0.1,4.23,94.99
2012-10-04,24.55,19.32,0.0,3.74,94.93
2012-10-05,25.21,18.55,0.0,3.22,94.97
2012-10-06,25.83,20.37,0.2,2.25,95.03
2012-10-07,25.3,21.08,3.04,2.07,95.04
2012-10-08,26.01,20.5,4.82,2.01,94.88
2012-10-09,25.0,20.57,13.44,2.45,94.78
2012-10-10,24.88,20.02,3.86,2.12,94.82
2012-10-11,25.65,19.88,0.89,1.42,94.83
2012-10-12,25.72,20.47,1.26,1.97,94.9
2012-10-13,25.05,21.23,2.65,1.72,94.95
2012-10-14,24.68,21.49,27.24,1.39,95.02
2012-10-15,23.65,20.51,7.63,1.96,95.19
2012-10-16,23.09,21.13,10.92,2.57,95.18
2012-10-17,24.28,20.26,3.38,3.13,95.12
2012-10-18,24.24,20.13,5.15,2.94,95.05
2012-10-19,23.78,20.77,7.97,3.55,95.01
2012-10-20,22.01,19.71,23.04,3.66,94.99
2012-10-21,22.73,20.68,8.42,4.02,94.99
2012-10-22,22.94,21.27,7.96,3.24,95.05
2012-10-23,23.47,20.92,3.56,3.73,95.02
2012-10-24,23.26,20.92,1.07,2.92,94.99
2012-10-25,24.18,20.84,0.79,2.31,94.93
2012-10-26,24.06,20.79,5.75,2.67,94.87
2012-10-27,23.42,19.44,3.24,2.96,94.86
2012-10-28,23.9,19.81,0.74,2.94,94.92
2012-10-29,23.88,20.34,2.08,2.69,94.91
2012-10-30,22.64,19.53,0.42,1.98,94.81
2012-10-31,21.63,19.04,28.45,2.46,94.64
2012-11-01,21.94,20.35,12.95,5.86,94.53
2012-11-02,23.09,20.78,2.54,4.08,94.78
2012-11-03,22.37,19.64,0.93,3.06,94.95
2012-11-04,23.16,19.8,0.67,1.73,94.91
2012-11-05,23.07,19.79,0.25,2.14,94.89
2012-11-06,23.79,20.08,0.01,1.69,94.94
2012-11-07,24.3,20.93,5.91,1.31,95.01
2012-11-08,24.33,21.11,5.93,1.69,94.96
2012-11-09,24.1,20.71,0.46,1.9,95.01
2012-11-10,23.76,19.84,0.83,2.56,95.11
2012-11-11,23.76,19.94,0.54,2.53,95.13
2012-11-12,23.22,18.71,8.57,1.98,95.13
2012-11-13,22.9,17.1,0.46,1.9,95.14
2012-11-14,22.14,13.23,0.0,2.34,94.99
2012-11-15,21.3,11.9,0.0,1.72,95.0
2012-11-16,22.34,14.55,0.0,1.45,95.1
2012-11-17,21.61,16.76,0.0,1.8,95.08
2012-11-18,22.79,17.98,0.0,1.71,94.97
2012-11-19,23.27,19.36,0.0,1.35,94.95
2012-11-20,24.55,19.02,0.0,1.22,94.99
2012-11-21,24.72,19.19,0.0,1.21,95.01
2012-11-22,24.87,20.74,4.87,0.99,94.97
2012-11-23,24.7,21.26,2.48,1.55,94.97
2012-11-24,22.85,19.3,3.44,3.52,95.01
2012-11-25,24.11,19.82,0.1,3.24,95.09
2012-11-26,23.26,18.75,0.0,3.19,95.15
2012-11-27,23.88,18.59,0.0,3.33,95.11
2012-11-28,23.14,16.64,0.0,2.63,95.08
2012-11-29,21.6,14.21,0.0,2.22,95.04
2012-11-30,22.33,15.33,0.0,1.81,95.06
2012-12-01,22.3,15.03,0.0,1.98,95.04
2012-12-02,22.05,15.66,0.0,2.18,95.08
2012-12-03,23.34,17.96,0.6,2.59,94.97
2012-12-04,23.95,20.19,0.91,3.24,94.91
2012-12-05,24.56,19.7,0.4,4.61,94.96
2012-12-06,25.1,19.67,0.08,4.63,95.1
2012-12-07,24.22,18.0,0.01,4.33,95.14
2012-12-08,24.04,17.21,0.0,2.69,95.13
2012-12-09,23.72,16.31,0.0,2.52,95.08
2012-12-10,22.83,14.73,0.0,2.73,95.07
2012-12-11,23.21,15.88,0.0,2.53,95.12
2012-12-12,23.83,16.82,0.0,2.2,95.1
2012-12-13,24.29,16.85,0.0,1.52,95.16
2012-12-14,23.54,16.16,0.0,3.23,95.27
2012-12-15,22.22,14.97,0.0,3.8,95.32
2012-12-16,21.75,14.92,0.0,4.16,95.29
2012-12-17,22.21,14.25,0.0,4.86,95.19
2012-12-18,22.64,16.09,0.0,5.0,95.18
2012-12-19,22.87,16.5,0.0,3.94,95.08
2012-12-20,23.93,17.85,0.0,4.54,94.97
2012-12-21,23.89,17.83,0.0,4.39,95.01
2012-12-22,23.15,14.6,0.0,3.93,95.07
2012-12-23,23.02,14.54,0.0,4.5,95.07
2012-12-24,23.22,15.85,0.0,3.57,95.03
2012-12-25,23.85,17.31,0.0,3.59,94.93
2012-12-26,24.16,17.85,0.06,3.19,94.87
2012-12-27,24.52,18.53,0.14,3.96,94.85
2012-12-28,24.2,19.17,0.12,3.47,94.79
2012-12-29,24.42,20.47,1.95,4.32,94.8
2012-12-30,25.82,20.43,0.31,3.28,94.87
2012-12-31,24.53,19.74,1.67,3.21,94.93
2013-01-01,24.98,17.81,0.06,2.93,95.02
2013-01-02,24.98,15.02,0.0,2.19,95.12
2013-01-03,24.45,13.4,0.0,2.27,95.18
2013-01-04,25.81,16.37,0.0,1.57,95.09
2013-01-05,26.25,17.33,0.0,2.09,94.94
2013-01-06,26.31,17.5,0.0,1.93,94.97
2013-01-07,26.24,16.38,0.0,2.79,95.02
2013-01-08,26.45,15.3,0.0,2.3,95.1
2013-01-09,25.59,14.8,0.14,2.7,95.14
2013-01-10,25.49,14.88,0.0,2.61,95.1
2013-01-11,24.38,12.67,0.0,3.06,95.17
2013-01-12,23.53,11.58,0.0,3.05,95.29
2013-01-13,23.49,10.45,0.0,3.13,95.18
2013-01-14,23.46,9.11,0.0,2.95,95.16
2013-01-15,23.58,11.21,0.0,3.53,95.23
2013-01-16,23.34,13.06,0.0,4.02,95.29
2013-01-17,23.21,12.93,0.0,3.56,95.26
2013-01-18,23.68,13.05,0.0,2.85,95.27
2013-01-19,24.42,13.26,0.0,2.8,95.22
2013-01-20,24.1,11.36,0.0,2.82,95.22
2013-01-21,25.17,13.85,0.0,2.64,95.27
2013-01-22,24.25,11.2,0.0,3.1,95.32
2013-01-23,24.22,10.91,0.0,2.63,95.33
2013-01-24,24.23,10.83,0.0,2.7,95.26
2013-01-25,24.31,10.56,0.0,3.0,95.29
2013-01-26,23.73,9.24,0.0,3.3,95.31
2013-01-27,23.88,12.24,0.0,3.33,95.33
2013-01-28,24.78,12.97,0.18,2.38,95.26
2013-01-29,25.29,13.15,0.04,1.78,95.17
2013-01-30,25.48,13.73,0.0,3.16,95.22
2013-01-31,24.82,13.07,0.0,4.5,95.25
2013-02-01,23.59,9.46,0.0,3.91,95.26
2013-02-02,23.28,9.14,0.0,3.38,95.21
2013-02-03,23.89,9.4,0.0,2.97,95.18
2013-02-04,24.94,11.17,0.0,2.01,95.27
2013-02-05,26.34,16.49,0.17,2.64,95.26
2013-02-06,26.13,17.95,1.46,2.07,95.29
2013-02-07,26.74,17.14,0.07,2.05,95.11
2013-02-08,27.23,16.99,0.0,1.23,95.01
2013-02-09,27.38,14.6,0.0,2.59,94.97
2013-02-10,26.38,13.12,0.0,4.06,95.02
2013-02-11,26.13,15.02,0.0,5.32,95.04
2013-02-12,26.95,14.91,0.02,5.21,94.97
2013-02-13,24.88,16.42,0.17,4.3,95.0
2013-02-14,25.27,17.79,3.92,3.96,95.04
2013-02-15,25.35,17.41,1.24,1.83,95.01
2013-02-16,26.43,18.11,0.84,2.65,94.86
2013-02-17,26.16,19.08,3.05,3.25,94.84
2013-02-18,24.66,20.52,12.8,2.43,94.86
2013-02-19,23.86,20.39,17.67,3.0,95.01
2013-02-20,25.41,17.99,0.04,2.88,95.08
2013-02-21,24.57,15.17,0.0,3.46,95.17
2013-02-22,23.82,13.97,0.0,3.76,95.26
2013-02-23,23.87,13.47,0.0,2.94,95.32
2013-02-24,24.14,13.54,0.0,2.67,95.25
2013-02-25,23.51,10.2,0.0,2.83,95.29
2013-02-26,23.33,9.05,0.0,2.92,95.29
2013-02-27,24.44,10.04,0.0,2.1,95.24
2013-02-28,24.98,12.64,0.0,2.11,95.09
2013-03-01,25.23,12.04,0.0,2.91,95.1
2013-03-02,25.13,9.33,0.0,3.67,95.14
2013-03-03,25.29,8.67,0.0,3.35,95.15
2013-03-04,26.09,12.12,0.0,3.85,95.17
2013-03-05,25.55,19.4,2.55,5.12,95.13
2013-03-06,25.75,19.72,1.68,4.28,95.15
2013-03-07,26.23,19.71,1.86,4.32,95.18
2013-03-08,25.8,18.32,1.38,2.81,95.26
2013-03-09,26.46,19.36,1.62,2.21,95.18
2013-03-10,26.98,18.99,0.28,1.87,95.01
2013-03-11,27.19,19.62,3.54,1.71,95.07
2013-03-12,26.73,19.21,0.92,1.4,95.14
2013-03-13,27.69,16.14,0.0,1.74,95.12
2013-03-14,27.12,13.13,0.0,2.78,95.1
2013-03-15,27.02,13.15,0.3,2.63,95.14
2013-03-16,27.37,16.36,0.72,2.31,95.2
2013-03-17,28.1,16.59,0.16,2.01,95.15
2013-03-18,28.53,16.59,0.01,1.67,94.97
2013-03-19,28.36,13.64,0.0,2.07,94.96
2013-03-20,27.98,14.77,0.0,1.78,95.04
2013-03-21,28.72,14.18,0.0,1.74,94.96
2013-03-22,29.34,13.72,0.0,1.49,94.82
2013-03-23,28.85,14.54,0.0,1.56,94.85
2013-03-24,29.02,12.59,0.13,1.8,94.94
2013-03-25,28.62,17.07,2.08,1.76,94.95
2013-03-26,28.46,18.62,2.71,2.34,94.86
2013-03-27,29.06,18.2,0.32,2.0,94.84
2013-03-28,28.47,19.41,0.28,2.62,94.93
2013-03-29,29.4,18.96,0.0,2.62,94.86
2013-03-30,28.96,19.12,0.0,2.67,94.79
2013-03-31,29.53,18.91,0.13,2.6,94.81
2013-04-01,29.68,19.01,0.0,3.24,94.88
2013-04-02,29.87,18.45,0.06,2.84,94.89
2013-04-03,29.93,18.8,0.0,2.2,94.9
2013-04-04,29.9,18.81,0.0,3.78,94.83
2013-04-05,30.03,18.6,0.94,2.94,94.74
2013-04-06,29.53,18.84,0.04,3.62,94.71
2013-04-07,30.03,18.53,0.0,2.83,94.64
2013-04-08,30.4,18.54,0.0,1.99,94.71
2013-04-09,30.33,19.01,0.07,2.66,94.81
2013-04-10,29.92,19.03,0.02,2.53,94.84
2013-04-11,30.31,18.5,0.0,2.45,94.79
2013-04-12,30.81,16.24,0.0,2.5,94.84
2013-04-13,30.85,17.25,0.0,1.54,94.95
2013-04-14,30.04,18.99,0.03,3.15,94.97
2013-04-15,28.5,19.68,2.39,3.66,94.9
2013-04-16,29.05,19.33,0.18,2.86,94.78
2013-04-17,29.4,18.54,0.02,3.92,94.62
2013-04-18,29.17,17.33,0.0,3.03,94.69
2013-04-19,29.27,17.06,0.0,3.17,94.72
2013-04-20,29.39,16.83,0.0,3.66,94.7
2013-04-21,29.4,15.93,0.06,2.83,94.7
2013-04-22,29.28,17.55,0.02,3.22,94.79
2013-04-23,28.87,19.56,0.98,2.57,94.97
2013-04-24,27.48,20.25,3.79,1.77,95.04
2013-04-25,27.99,20.27,1.36,1.63,95.01
2013-04-26,28.09,20.11,0.05,1.53,94.95
2013-04-27,29.02,18.88,0.01,2.02,94.92
2013-04-28,28.56,20.62,2.12,2.46,94.81
2013-04-29,27.23,21.28,1.32,1.89,94.8
2013-04-30,29.73,19.22,0.16,1.85,94.73
2013-05-01,29.54,19.64,1.16,1.97,94.74
2013-05-02,28.55,20.91,0.35,3.16,94.63
2013-05-03,28.79,21.05,0.9,3.56,94.58
2013-05-04,26.94,22.45,4.52,2.54,94.6
2013-05-05,27.05,21.72,1.44,1.64,94.7
2013-05-06,28.2,21.24,0.93,1.93,94.7
2013-05-07,27.24,21.14,1.63,3.09,94.8
2013-05-08,27.7,20.63,1.16,3.83,94.82
2013-05-09,28.57,20.82,0.3,3.99,94.81
2013-05-10,28.75,20.98,0.84,2.91,94.82
2013-05-11,28.82,20.64,3.19,3.58,94.63
2013-05-12,26.72,21.42,2.29,3.85,94.67
2013-05-13,25.82,19.72,0.25,2.98,94.64
2013-05-14,26.24,19.95,0.07,4.64,94.57
2013-05-15,27.43,19.17,0.04,4.81,94.59
2013-05-16,28.12,18.11,0.01,3.95,94.68
2013-05-17,28.79,19.42,0.11,4.32,94.74
2013-05-18,28.75,20.18,0.07,4.04,94.75
2013-05-19,28.93,21.03,7.82,3.26,94.69
2013-05-20,27.03,22.41,9.52,3.4,94.77
2013-05-21,27.64,19.02,1.78,2.83,94.87
2013-05-22,27.39,20.9,0.46,4.97,94.86
2013-05-23,26.96,21.12,2.19,5.4,94.85
2013-05-24,26.8,21.65,0.7,5.35,94.79
2013-05-25,24.91,21.2,5.73,4.87,94.95
2013-05-26,24.58,19.72,2.65,4.05,94.84
2013-05-27,24.13,21.2,3.01,4.36,94.85
2013-05-28,23.72,20.89,3.55,4.02,94.9
2013-05-29,24.25,20.84,2.52,4.4,94.8
2013-05-30,24.8,21.35,5.77,4.18,94.68
2013-05-31,23.84,21.41,18.98,4.37,94.66
2013-06-01,24.21,20.43,7.61,5.65,94.64
2013-06-02,23.77,20.43,10.45,6.45,94.68
2013-06-03,24.35,21.33,5.14,5.4,94.58
2013-06-04,24.95,20.56,0.17,4.39,94.65
2013-06-05,25.21,20.63,1.29,4.1,94.71
2013-06-06,24.67,21.3,7.05,4.72,94.62
2013-06-07,23.8,20.69,8.2,5.33,94.6
2013-06-08,23.54,20.25,8.04,6.13,94.68
2013-06-09,23.94,19.6,4.15,6.19,94.73
2013-06-10,24.46,20.2,3.65,5.83,94.72
2013-06-11,24.38,21.06,11.76,6.34,94.63
2013-06-12,23.51,20.62,8.14,6.9,94.55
2013-06-13,24.03,20.16,5.5,7.13,94.45
2013-06-14,24.41,21.46,4.89,7.03,94.38
2013-06-15,24.8,21.59,11.15,7.49,94.42
2013-06-16,24.51,21.65,19.47,7.09,94.59
2013-06-17,23.37,20.94,23.28,6.68,94.71
2013-06-18,23.52,21.05,12.64,5.92,94.63
2013-06-19,23.16,21.15,10.45,5.83,94.68
2013-06-20,23.41,21.15,4.05,5.17,94.72
2013-06-21,23.48,21.16,6.62,5.48,94.76
2013-06-22,23.11,20.24,17.25,6.23,94.77
2013-06-23,23.78,20.89,8.91,6.23,94.62
2013-06-24,24.15,21.57,14.62,6.76,94.63
2013-06-25,24.19,21.67,14.14,6.35,94.8
2013-06-26,23.96,21.81,11.82,5.69,94.92
2013-06-27,23.68,21.55,4.44,4.79,94.94
2013-06-28,23.67,20.68,1.03,4.26,94.89
2013-06-29,23.63,20.21,1.04,4.28,94.94
2013-06-30,23.17,20.72,2.8,4.95,94.99
2013-07-01,22.56,19.72,2.88,5.32,94.84
2013-07-02,23.15,20.39,9.99,6.53,94.69
2013-07-03,22.43,20.09,7.92,6.6,94.68
2013-07-04,24.0,21.39,6.74,5.84,94.6
2013-07-05,24.06,21.6,3.51,4.53,94.6
2013-07-06,23.4,20.99,2.77,4.38,94.71
2013-07-07,23.01,20.67,3.66,5.23,94.76
2013-07-08,23.18,20.35,7.72,5.63,94.72
2013-07-09,22.95,20.23,10.07,5.88,94.69
2013-07-10,22.71,20.07,10.26,5.85,94.66
2013-07-11,22.52,19.52,3.97,5.56,94.69
2013-07-12,22.76,20.35,5.9,5.77,94.74
2013-07-13,22.79,20.8,2.75,5.22,94.76
2013-07-14,23.67,20.93,1.95,4.72,94.71
2013-07-15,23.76,21.4,1.99,5.35,94.7
2013-07-16,23.01,20.67,6.66,5.79,94.75
2013-07-17,22.96,20.6,2.45,5.29,94.78
2013-07-18,23.4,20.83,11.43,6.06,94.73
2013-07-19,22.48,20.81,17.65,6.11,94.66
2013-07-20,22.95,20.37,11.14,6.26,94.75
2013-07-21,22.75,20.22,10.33,5.96,94.69
2013-07-22,22.84,20.26,3.59,6.24,94.57
2013-07-23,22.91,20.35,4.29,6.91,94.64
2013-07-24,22.86,20.15,5.19,7.92,94.74
2013-07-25,22.87,20.42,8.25,7.21,94.79
2013-07-26,22.61,20.25,9.62,6.36,94.74
2013-07-27,23.11,20.79,8.19,4.81,94.85
2013-07-28,23.34,20.93,4.54,4.36,95.02
2013-07-29,22.47,19.82,0.73,4.7,95.03
2013-07-30,23.09,20.77,1.49,5.5,94.79
2013-07-31,23.35,20.7,4.0,7.13,94.66
2013-08-01,23.68,21.17,9.67,7.76,94.62
2013-08-02,23.37,20.86,6.44,7.14,94.72
2013-08-03,23.24,20.38,5.41,6.18,94.81
2013-08-04,23.08,20.74,17.23,6.36,94.79
2013-08-05,22.27,20.34,12.06,6.45,94.78
2013-08-06,22.38,20.4,7.78,4.76,94.79
2013-08-07,23.14,20.71,2.24,3.98,94.82
2013-08-08,23.46,21.02,3.86,4.37,94.82
2013-08-09,22.73,21.02,1.65,3.46,94.82
2013-08-10,23.21,21.2,7.16,3.54,94.81
2013-08-11,23.18,21.02,1.42,3.46,94.8
2013-08-12,23.46,21.07,0.82,3.69,94.74
2013-08-13,23.01,20.98,3.27,3.75,94.66
2013-08-14,22.72,20.56,1.03,3.48,94.71
2013-08-15,23.12,21.0,1.64,3.64,94.78
2013-08-16,23.33,20.87,2.72,3.75,94.78
2013-08-17,23.49,20.87,1.11,3.65,94.84
2013-08-18,23.43,20.79,1.4,4.57,94.89
2013-08-19,23.01,20.72,0.79,4.11,94.9
2013-08-20,23.65,21.04,1.04,5.09,94.84
2013-08-21,23.51,20.88,1.21,4.83,94.74
2013-08-22,23.33,20.58,0.67,4.35,94.78
2013-08-23,23.79,20.6,0.43,4.42,94.78
2013-08-24,23.57,20.58,1.18,4.12,94.79
2013-08-25,23.95,20.82,0.9,3.98,94.73
2013-08-26,23.97,20.95,0.59,3.49,94.74
2013-08-27,24.21,20.96,1.7,2.98,94.76
2013-08-28,24.17,20.76,2.07,2.73,94.87
2013-08-29,23.91,21.18,7.78,2.02,94.93
2013-08-30,24.96,21.45,2.32,1.63,94.83
2013-08-31,25.33,22.07,1.84,1.36,94.75
2013-09-01,24.92,21.69,2.25,1.25,94.78
2013-09-02,24.62,21.92,9.1,1.75,94.89
2013-09-03,23.37,20.52,3.98,2.62,94.99
2013-09-04,22.57,19.69,0.34,2.56,95.04
2013-09-05,23.32,20.22,5.05,3.09,94.95
2013-09-06,23.3,20.77,11.6,2.9,94.96
2013-09-07,23.2,20.52,4.81,3.66,94.92
2013-09-08,22.28,20.41,3.48,3.41,94.87
2013-09-09,22.71,19.82,0.76,4.06,94.88
2013-09-10,23.23,20.28,6.21,4.09,94.74
2013-09-11,23.14,20.64,2.07,3.78,94.67
2013-09-12,22.86,21.07,7.09,4.12,94.79
2013-09-13,23.54,21.41,3.36,4.43,94.83
2013-09-14,23.81,21.76,3.01,3.97,94.76
2013-09-15,23.78,21.58,8.31,4.89,94.63
2013-09-16,24.0,22.04,4.97,5.02,94.56
2013-09-17,23.45,21.59,7.68,5.99,94.57
2013-09-18,23.21,20.88,4.44,6.17,94.63
2013-09-19,23.27,20.7,2.2,5.95,94.57
2013-09-20,23.38,21.28,1.85,5.94,94.52
2013-09-21,23.34,21.3,0.84,4.79,94.64
2013-09-22,23.6,20.72,0.27,4.24,94.73
2013-09-23,23.13,20.34,0.42,3.56,94.75
2013-09-24,23.92,20.82,0.19,3.57,94.81
2013-09-25,24.11,20.93,0.21,3.75,94.95
2013-09-26,24.27,20.48,0.0,3.16,95.06
2013-09-27,24.59,20.37,0.06,3.06,95.06
2013-09-28,23.87,20.59,0.07,3.37,95.02
2013-09-29,23.73,20.28,1.17,4.03,94.88
2013-09-30,23.89,20.69,1.94,4.23,94.73
2013-10-01,24.4,21.07,2.49,3.75,94.71
2013-10-02,24.36,20.79,2.26,3.79,94.82
2013-10-03,23.45,20.49,0.51,3.75,94.91
2013-10-04,22.84,19.68,0.0,3.58,95.0
2013-10-05,22.82,19.1,1.19,3.94,95.01
2013-10-06,23.89,20.5,1.95,4.23,94.92
2013-10-07,24.25,21.67,2.27,2.91,94.94
2013-10-08,24.36,21.6,14.93,2.27,94.99
2013-10-09,23.02,21.05,8.72,3.33,95.03
2013-10-10,23.24,20.61,2.98,2.99,95.05
2013-10-11,24.18,20.76,0.05,3.7,94.97
2013-10-12,23.48,20.04,1.34,4.0,94.81
2013-10-13,24.39,21.21,1.53,4.4,94.82
2013-10-14,25.09,20.87,0.01,3.17,94.89
2013-10-15,24.04,21.83,6.03,2.43,94.96
2013-10-16,23.47,21.91,25.35,2.49,94.88
2013-10-17,22.09,20.75,6.7,2.26,94.9
2013-10-18,23.25,20.74,7.4,0.77,94.95
2013-10-19,23.49,20.91,16.79,2.0,95.0
2013-10-20,23.01,21.18,11.06,1.51,94.89
2013-10-21,23.92,21.01,5.31,1.5,94.68
2013-10-22,23.63,22.05,6.4,2.19,94.64
2013-10-23,23.17,21.82,2.51,2.93,94.73
2013-10-24,23.46,21.8,3.54,3.29,94.74
2013-10-25,23.46,21.87,1.49,3.65,94.74
2013-10-26,23.56,21.54,5.13,2.82,94.83
2013-10-27,22.96,20.23,0.3,2.75,95.0
2013-10-28,22.72,19.36,0.12,2.36,95.07
2013-10-29,23.84,20.47,0.61,1.23,95.11
2013-10-30,23.92,21.28,2.14,0.98,95.15
2013-10-31,24.29,21.35,1.69,1.62,95.14
2013-11-01,24.33,20.74,2.52,1.43,95.1
2013-11-02,23.49,21.3,10.76,2.46,95.08
2013-11-03,23.32,20.99,2.22,2.73,95.12
2013-11-04,23.03,20.23,4.2,3.13,95.26
2013-11-05,22.96,20.51,1.12,3.51,95.24
2013-11-06,23.26,20.09,0.3,3.57,95.2
2013-11-07,23.47,19.61,0.02,3.4,95.12
2013-11-08,23.34,18.86,0.0,3.21,95.02
2013-11-09,22.52,17.27,0.0,2.75,95.02
2013-11-10,23.59,19.07,0.0,2.17,95.01
2013-11-11,24.41,19.94,0.43,1.67,94.9
2013-11-12,23.49,20.59,2.0,1.5,94.9
2013-11-13,20.99,18.85,11.0,1.93,95.03
2013-11-14,22.21,18.95,6.5,1.39,95.03
2013-11-15,22.71,18.1,1.61,2.33,94.98
2013-11-16,21.76,18.77,8.26,2.4,94.97
2013-11-17,23.03,20.52,8.52,1.99,94.95
2013-11-18,23.24,20.25,8.43,3.59,95.1
2013-11-19,23.55,19.19,1.14,2.39,95.1
2013-11-20,24.24,19.46,0.34,1.25,94.9
2013-11-21,23.87,20.23,2.92,1.3,94.8
2013-11-22,23.57,19.82,1.37,1.29,94.88
2013-11-23,23.96,20.38,3.03,0.89,94.95
2013-11-24,23.2,21.04,5.24,1.6,95.06
2013-11-25,23.48,20.49,5.87,1.8,95.0
2013-11-26,23.95,20.25,1.61,1.45,94.92
2013-11-27,23.76,20.02,0.25,1.18,94.96
2013-11-28,23.58,20.0,0.01,1.6,95.03
2013-11-29,23.5,19.77,0.31,1.76,95.11
2013-11-30,23.22,18.31,0.03,2.67,95.15
2013-12-01,22.9,20.07,10.25,3.33,95.22
2013-12-02,22.04,19.67,4.41,3.22,95.21
2013-12-03,21.7,18.71,0.64,3.5,95.07
2013-12-04,22.1,18.76,0.05,4.07,95.02
2013-12-05,22.78,18.17,0.0,3.15,94.94
2013-12-06,23.22,16.08,0.0,1.44,94.88
2013-12-07,23.84,15.29,0.0,1.51,94.85
2013-12-08,24.16,19.28,0.0,1.79,94.87
2013-12-09,23.78,18.84,0.0,2.04,94.79
2013-12-10,22.62,14.88,0.0,1.87,94.77
2013-12-11,22.31,13.33,0.0,1.63,94.82
2013-12-12,22.26,17.23,9.19,2.9,94.75
2013-12-13,23.48,20.45,3.26,5.29,94.85
2013-12-14,23.62,19.11,0.56,2.44,95.02
2013-12-15,24.36,18.63,0.24,2.09,95.04
2013-12-16,21.17,12.38,0.0,2.65,95.13
2013-12-17,20.04,13.67,0.0,3.38,95.08
2013-12-18,20.95,15.85,0.0,2.92,95.0
2013-12-19,22.08,16.88,0.0,1.97,95.08
2013-12-20,21.93,16.83,0.0,2.31,95.17
2013-12-21,21.28,15.58,0.0,2.71,95.22
2013-12-22,21.0,14.91,0.0,3.39,95.25
2013-12-23,20.5,14.28,0.0,3.79,95.33
2013-12-24,21.44,16.09,0.0,4.03,95.36
2013-12-25,21.91,16.08,0.0,3.3,95.4
2013-12-26,21.41,14.64,0.0,3.29,95.37
2013-12-27,21.23,14.96,0.0,3.15,95.28
2013-12-28,21.29,14.41,0.0,2.33,95.27
2013-12-29,21.04,14.5,0.0,2.58,95.21
2013-12-30,20.51,13.24,0.0,3.17,95.22
2013-12-31,21.09,14.14,0.0,3.48,95.26
2014-01-01,21.9,15.62,0.0,4.0,95.21
2014-01-02,21.99,15.22,0.0,3.43,95.27
2014-01-03,21.97,16.37,0.0,3.07,95.32
2014-01-04,22.6,15.67,0.0,2.92,95.19
2014-01-05,22.74,13.91,0.0,2.26,95.06
2014-01-06,22.91,14.04,0.0,2.38,95.03
2014-01-07,22.88,14.98,0.24,3.37,95.1
2014-01-08,22.71,17.07,0.2,4.55,95.22
2014-01-09,23.6,17.46,0.02,3.57,95.19
2014-01-10,23.06,16.23,0.0,2.82,95.19
2014-01-11,22.4,15.36,0.0,2.67,95.26
2014-01-12,22.95,15.3,0.0,2.45,95.33
2014-01-13,22.7,15.02,0.0,3.01,95.34
2014-01-14,23.8,17.08,0.0,3.35,95.23
2014-01-15,23.64,16.05,0.0,2.8,95.3
2014-01-16,23.87,16.26,0.01,2.59,95.35
2014-01-17,23.68,16.51,0.04,3.09,95.3
2014-01-18,23.39,15.2,0.01,3.45,95.3
2014-01-19,23.65,15.22,0.0,3.95,95.44
2014-01-20,24.21,15.48,0.0,4.57,95.47
2014-01-21,23.37,14.23,0.0,4.08,95.4
2014-01-22,23.42,14.38,0.0,4.2,95.33
2014-01-23,23.43,13.95,0.0,3.03,95.32
2014-01-24,23.85,14.73,0.0,2.75,95.2
2014-01-25,24.12,14.89,0.0,3.97,95.15
2014-01-26,23.55,12.55,0.0,4.68,95.18
2014-01-27,23.2,13.61,0.0,4.87,95.2
2014-01-28,23.36,11.18,0.0,4.02,95.19
2014-01-29,23.34,11.55,0.0,2.78,95.21
2014-01-30,23.87,12.15,0.0,2.75,95.22
2014-01-31,23.98,12.68,0.0,3.41,95.22
2014-02-01,24.21,14.27,0.0,3.67,95.2
2014-02-02,24.68,15.11,0.0,4.3,95.12
2014-02-03,24.28,11.64,0.0,3.93,95.02
2014-02-04,24.28,11.56,0.0,2.47,94.91
2014-02-05,24.31,9.11,0.0,2.34,94.87
2014-02-06,23.89,7.02,0.0,2.76,94.9
2014-02-07,23.54,7.52,0.0,2.86,94.97
2014-02-08,23.56,8.27,0.0,2.6,94.93
2014-02-09,24.2,8.36,0.0,1.64,94.9
2014-02-10,25.69,12.68,0.0,1.39,94.87
2014-02-11,25.71,13.8,0.0,1.53,94.78
2014-02-12,25.37,17.21,0.0,1.66,94.82
2014-02-13,26.61,16.68,0.0,1.92,94.97
2014-02-14,26.84,16.36,0.03,1.73,95.02
2014-02-15,26.68,16.86,0.02,2.63,94.89
2014-02-16,26.4,16.23,0.0,2.66,94.93
2014-02-17,27.79,14.48,0.09,1.42,95.04
2014-02-18,27.16,17.36,0.1,4.13,95.24
2014-02-19,26.81,16.12,0.0,2.96,95.18
2014-02-20,26.69,16.45,0.0,2.19,95.14
2014-02-21,26.74,16.27,1.16,2.19,95.17
2014-02-22,26.7,15.34,0.57,2.06,95.17
2014-02-23,25.85,12.05,0.0,3.26,95.17
2014-02-24,25.56,16.25,0.26,4.53,95.19
2014-02-25,26.14,16.71,0.11,4.73,95.24
2014-02-26,25.91,12.77,0.0,3.51,95.19
2014-02-27,26.33,12.9,0.0,2.02,95.17
2014-02-28,26.8,16.5,0.0,1.42,95.1
2014-03-01,27.3,17.65,0.01,2.03,95.04
2014-03-02,26.88,16.81,0.07,2.38,95.02
2014-03-03,26.49,17.51,1.47,1.91,95.02
2014-03-04,27.23,18.1,0.84,1.79,95.08
2014-03-05,25.83,17.94,0.4,2.71,95.13
2014-03-06,27.19,16.95,0.35,1.98,95.09
2014-03-07,26.86,16.21,1.38,3.46,95.14
2014-03-08,26.88,15.23,0.13,3.42,95.22
2014-03-09,26.48,14.39,0.44,3.43,95.22
2014-03-10,26.98,14.16,0.01,3.41,95.14
2014-03-11,26.15,13.56,0.0,4.36,95.18
2014-03-12,25.96,11.49,0.0,4.34,95.22
2014-03-13,25.78,12.32,0.0,3.94,95.15
2014-03-14,26.06,10.25,0.0,3.95,95.17
2014-03-15,26.01,6.68,0.0,3.76,95.28
2014-03-16,26.36,8.62,0.0,4.42,95.35
2014-03-17,27.14,8.51,0.0,3.94,95.28
2014-03-18,28.3,11.67,0.0,3.37,95.22
2014-03-19,28.86,12.26,0.0,2.9,95.15
2014-03-20,29.5,15.96,0.5,2.43,95.04
2014-03-21,29.45,16.18,0.29,1.72,94.92
2014-03-22,29.16,17.05,0.01,1.18,94.79
2014-03-23,29.41,14.34,0.0,1.64,94.88
2014-03-24,28.59,9.77,0.0,2.46,95.03
2014-03-25,28.34,8.79,0.0,3.04,94.96
2014-03-26,27.88,7.93,0.0,3.76,94.96
2014-03-27,27.4,6.53,0.0,2.31,95.07
2014-03-28,27.93,5.62,0.0,2.89,95.05
2014-03-29,28.85,6.09,0.0,2.97,94.96
2014-03-30,29.15,9.73,0.0,2.47,94.94
2014-03-31,29.51,16.09,0.0,2.31,94.91
2014-04-01,29.84,16.88,0.13,2.37,94.81
2014-04-02,30.27,17.08,0.05,1.71,94.75
2014-04-03,30.22,11.39,0.0,2.57,94.82
2014-04-04,29.79,11.01,0.0,2.39,94.96
2014-04-05,30.02,13.8,0.0,2.5,95.0
2014-04-06,29.98,16.09,0.49,2.69,95.06
2014-04-07,29.07,17.96,1.56,1.66,95.14
2014-04-08,26.66,20.84,5.63,2.79,95.15
2014-04-09,27.11,19.41,1.32,2.37,95.07
2014-04-10,28.62,18.27,0.08,2.33,95.03
2014-04-11,27.73,19.34,1.28,3.19,95.03
2014-04-12,28.63,18.98,1.71,2.22,94.89
2014-04-13,29.04,19.05,0.26,1.74,94.93
2014-04-14,28.85,19.44,1.54,1.59,95.04
2014-04-15,29.24,19.04,0.34,1.74,95.05
2014-04-16,27.96,19.42,0.29,2.44,94.99
2014-04-17,28.69,19.16,0.06,2.91,94.86
2014-04-18,29.96,18.28,0.4,2.25,94.93
2014-04-19,29.75,19.4,0.4,1.88,94.94
2014-04-20,28.76,18.52,0.19,1.07,94.85
2014-04-21,29.69,16.34,0.0,1.34,94.86
2014-04-22,30.0,15.63,0.45,2.09,95.0
2014-04-23,29.48,19.15,1.38,2.32,94.98
2014-04-24,28.14,20.89,1.62,2.52,94.89
2014-04-25,28.58,20.76,0.22,2.99,94.89
2014-04-26,30.09,20.22,0.36,2.3,94.83
2014-04-27,29.13,20.52,0.09,1.78,94.88
2014-04-28,28.53,20.62,0.0,2.16,94.95
2014-04-29,28.6,20.1,0.57,2.14,94.9
2014-04-30,29.03,19.12,1.75,1.95,94.89
2014-05-01,27.78,20.22,5.68,2.27,94.89
2014-05-02,28.06,21.35,10.45,1.26,94.79
2014-05-03,28.43,20.75,3.41,1.02,94.77
2014-05-04,27.54,21.17,4.28,1.38,94.7
2014-05-05,27.95,20.5,1.3,1.93,94.75
2014-05-06,25.68,21.29,20.43,3.74,94.87
2014-05-07,24.33,21.56,32.71,4.83,94.69
2014-05-08,24.73,22.16,44.66,5.49,94.63
2014-05-09,24.86,22.35,4.57,3.6,94.71
2014-05-10,25.65,22.48,0.24,3.09,94.77
2014-05-11,26.41,22.19,11.89,2.29,94.91
2014-05-12,25.93,22.63,4.29,2.12,94.94
2014-05-13,24.36,22.17,1.64,1.86,94.97
2014-05-14,25.15,21.77,0.26,2.5,94.93
2014-05-15,25.3,21.0,0.0,2.81,94.83
2014-05-16,25.62,20.02,0.04,3.5,94.81
2014-05-17,25.96,20.99,0.24,3.35,94.88
2014-05-18,26.73,21.34,0.01,1.83,94.86
2014-05-19,27.08,22.91,4.27,2.47,94.85
2014-05-20,25.72,22.41,3.44,2.63,94.88
2014-05-21,25.56,19.42,1.96,3.26,94.83
2014-05-22,26.42,21.81,1.35,3.82,94.75
2014-05-23,26.25,22.75,2.37,3.71,94.72
2014-05-24,25.75,23.07,12.71,3.81,94.69
2014-05-25,24.63,20.9,1.99,3.11,94.82
2014-05-26,25.86,21.57,0.8,3.02,94.8
2014-05-27,26.68,21.39,0.11,3.0,94.77
2014-05-28,26.49,22.58,8.58,2.71,94.85
2014-05-29,25.52,22.38,3.76,3.23,94.92
2014-05-30,26.02,22.32,0.33,3.31,94.82
2014-05-31,26.5,22.88,3.66,3.37,94.67
2014-06-01,26.65,23.02,1.72,3.53,94.63
2014-06-02,25.08,22.9,8.55,3.57,94.69
2014-06-03,24.81,22.05,2.13,2.65,94.64
2014-06-04,25.49,21.57,1.01,3.57,94.58
2014-06-05,25.68,22.3,3.5,3.88,94.52
2014-06-06,25.24,22.68,8.92,4.73,94.56
2014-06-07,24.59,21.92,7.34,6.25,94.55
2014-06-08,25.3,21.86,6.48,6.13,94.49
2014-06-09,25.07,21.85,4.1,6.13,94.51
2014-06-10,24.67,22.41,9.59,6.23,94.6
2014-06-11,24.88,21.88,6.87,6.17,94.67
2014-06-12,24.52,21.48,6.94,5.63,94.67
2014-06-13,24.59,21.04,3.33,4.72,94.68
2014-06-14,24.99,21.74,1.42,4.56,94.76
2014-06-15,24.85,20.37,0.68,4.49,94.8
2014-06-16,24.43,21.82,2.53,4.84,94.78
2014-06-17,24.65,21.62,4.19,5.56,94.74
2014-06-18,24.96,22.01,5.14,6.31,94.63
2014-06-19,25.24,22.04,3.57,6.49,94.64
2014-06-20,25.07,22.28,1.19,6.21,94.74
2014-06-21,24.68,21.88,5.48,6.79,94.94
2014-06-22,25.24,20.78,1.81,5.55,95.02
2014-06-23,25.24,21.65,1.15,4.74,94.93
2014-06-24,25.33,21.78,1.48,4.66,94.72
2014-06-25,25.23,21.29,0.49,4.77,94.71
2014-06-26,26.01,21.26,0.05,3.64,94.81
2014-06-27,25.74,22.02,0.0,2.57,94.88
2014-06-28,25.49,22.42,1.33,2.72,94.88
2014-06-29,25.59,21.65,1.21,3.79,94.82
2014-06-30,24.58,21.48,9.28,4.19,94.79
2014-07-01,24.46,22.41,5.61,3.86,94.88
2014-07-02,24.31,21.11,0.66,3.6,94.91
2014-07-03,25.35,21.09,0.09,4.32,94.72
2014-07-04,25.5,21.32,1.18,4.39,94.62
2014-07-05,24.91,22.02,3.59,4.74,94.65
2014-07-06,24.09,20.39,0.65,3.93,94.8
2014-07-07,23.27,19.6,2.32,4.67,94.83
2014-07-08,23.48,18.97,0.84,5.23,94.76
2014-07-09,23.91,19.73,8.5,5.39,94.76
2014-07-10,23.72,20.35,10.78,6.01,94.86
2014-07-11,24.17,21.35,4.63,5.97,94.88
2014-07-12,24.39,21.24,4.94,6.99,94.77
2014-07-13,23.5,20.7,15.86,6.97,94.72
2014-07-14,23.92,21.11,11.55,6.65,94.71
2014-07-15,23.64,21.55,16.94,5.67,94.69
2014-07-16,23.72,21.18,4.85,5.81,94.76
2014-07-17,24.01,21.28,0.79,5.53,94.75
2014-07-18,24.34,20.99,2.91,5.55,94.77
2014-07-19,23.84,21.36,6.59,6.12,94.83
2014-07-20,24.15,21.52,9.56,6.41,94.83
2014-07-21,23.83,21.25,8.42,6.13,94.82
2014-07-22,23.18,20.82,9.48,6.51,94.85
2014-07-23,22.8,20.5,13.28,6.85,94.9
2014-07-24,23.01,20.28,7.69,5.31,94.92
2014-07-25,23.31,20.81,4.74,5.53,94.97
2014-07-26,23.79,21.33,6.1,4.75,95.03
2014-07-27,23.6,21.66,3.66,5.05,95.05
2014-07-28,23.56,21.26,1.99,5.59,94.9
2014-07-29,23.72,21.0,0.84,5.33,94.83
2014-07-30,23.8,20.87,3.07,6.23,94.83
2014-07-31,23.7,21.02,14.92,6.25,94.78
2014-08-01,24.12,21.65,19.41,6.54,94.77
2014-08-02,23.89,21.4,6.49,5.69,94.83
2014-08-03,23.55,21.66,7.17,5.87,94.82
2014-08-04,22.98,20.8,6.5,6.11,94.76
2014-08-05,23.07,20.94,8.14,6.1,94.78
2014-08-06,22.94,20.49,5.5,5.2,94.88
2014-08-07,22.92,20.73,3.52,4.5,94.87
2014-08-08,22.99,20.45,5.56,4.83,94.86
2014-08-09,22.65,20.51,4.3,3.74,94.96
2014-08-10,23.11,20.48,2.37,4.4,94.99
2014-08-11,22.55,20.81,24.55,4.57,94.93
2014-08-12,22.64,20.82,3.41,3.69,94.89
2014-08-13,22.84,20.52,0.7,3.97,94.96
2014-08-14,22.96,20.61,0.63,3.74,94.98
2014-08-15,22.98,20.52,1.44,3.08,95.0
2014-08-16,23.53,20.33,2.15,3.24,94.97
2014-08-17,23.35,20.88,5.58,3.03,94.93
2014-08-18,24.31,21.0,8.88,1.99,94.92
2014-08-19,23.29,21.09,2.7,1.39,94.95
2014-08-20,24.35,21.84,6.37,2.28,94.77
2014-08-21,24.22,22.31,9.17,2.75,94.56
2014-08-22,24.35,22.09,22.89,1.01,94.49
2014-08-23,23.35,22.08,16.34,3.65,94.6
2014-08-24,23.47,21.6,1.15,3.95,94.8
2014-08-25,23.38,21.24,0.82,3.74,94.94
2014-08-26,23.34,20.83,0.56,4.3,94.94
2014-08-27,22.82,20.67,3.93,4.6,94.84
2014-08-28,22.95,20.72,4.03,5.04,94.74
2014-08-29,23.1,20.71,7.36,5.59,94.65
2014-08-30,22.72,20.13,10.19,6.25,94.7
2014-08-31,22.76,20.46,11.79,5.94,94.6
2014-09-01,23.65,21.46,10.41,5.54,94.6
2014-09-02,23.21,21.41,5.02,4.16,94.78
2014-09-03,23.14,20.83,3.41,4.67,94.96
2014-09-04,23.17,20.95,1.67,3.55,94.99
2014-09-05,22.82,20.4,3.59,4.16,95.0
2014-09-06,22.97,20.57,2.46,4.56,94.9
2014-09-07,23.08,21.18,2.1,4.51,94.9
2014-09-08,23.48,20.98,2.39,4.45,94.97
2014-09-09,23.73,20.96,0.96,4.27,94.99
2014-09-10,24.0,20.93,0.13,3.61,94.93
2014-09-11,23.91,20.55,0.05,3.35,94.98
2014-09-12,23.95,20.68,1.84,3.06,95.03
2014-09-13,24.41,21.06,1.49,3.37,94.96
2014-09-14,24.11,21.4,5.87,3.78,94.88
2014-09-15,23.8,21.08,1.29,3.81,94.81
2014-09-16,23.37,20.97,0.68,3.73,94.75
2014-09-17,23.82,20.8,0.14,4.18,94.69
2014-09-18,23.69,20.74,0.67,4.11,94.8
2014-09-19,24.4,21.01,0.81,3.61,94.83
2014-09-20,24.07,20.72,0.22,3.75,94.79
2014-09-21,24.8,21.1,0.09,2.64,94.81
2014-09-22,24.16,21.7,4.2,1.69,94.89
2014-09-23,25.23,22.36,15.53,1.42,94.81
2014-09-24,24.92,22.97,8.63,1.18,94.76
2014-09-25,25.41,22.32,18.0,1.78,94.84
2014-09-26,25.03,22.45,5.95,1.08,94.97
2014-09-27,24.61,21.34,12.11,2.56,95.02
2014-09-28,24.75,21.38,9.54,2.09,95.03
2014-09-29,24.72,21.85,7.74,1.69,95.01
2014-09-30,24.69,21.93,4.78,1.26,95.0
2014-10-01,25.09,21.82,0.46,1.04,95.02
2014-10-02,24.88,21.17,0.03,1.57,95.04
2014-10-03,24.84,21.33,0.07,1.34,95.02
2014-10-04,24.22,21.72,3.48,2.08,95.07
2014-10-05,23.59,21.6,6.73,2.35,95.12
2014-10-06,23.54,21.51,3.04,2.87,95.07
2014-10-07,23.34,21.1,9.36,2.5,94.94
2014-10-08,23.44,21.14,4.92,2.8,94.9
2014-10-09,23.81,21.88,10.85,2.34,94.87
2014-10-10,23.76,22.18,5.8,3.81,94.81
2014-10-11,21.32,19.22,3.13,4.01,94.85
2014-10-12,22.67,20.52,2.43,3.57,94.71
2014-10-13,24.43,22.02,0.32,2.4,94.75
2014-10-14,24.33,22.07,4.2,0.84,94.88
2014-10-15,24.18,22.08,11.17,1.37,95.01
2014-10-16,23.89,20.0,5.3,3.09,95.06
2014-10-17,23.55,18.98,18.88,1.88,95.12
2014-10-18,22.79,20.55,27.53,2.22,95.03
2014-10-19,22.41,20.12,13.15,2.69,95.0
2014-10-20,22.23,19.58,6.38,3.19,95.03
2014-10-21,21.35,19.4,7.52,3.21,95.17
2014-10-22,22.96,20.26,4.91,2.64,95.21
2014-10-23,23.24,21.13,6.94,2.49,95.13
2014-10-24,22.08,20.91,10.0,1.62,95.05
2014-10-25,22.47,21.44,12.98,1.41,95.07
2014-10-26,23.27,20.79,7.22,1.26,95.19
2014-10-27,23.77,21.25,13.43,0.92,95.18
2014-10-28,23.44,21.08,7.95,1.63,95.1
2014-10-29,23.14,20.97,5.1,1.97,95.05
2014-10-30,22.79,20.56,1.96,2.31,95.02
2014-10-31,23.05,19.88,0.02,1.24,95.01
2014-11-01,22.86,19.72,12.79,1.32,95.03
2014-11-02,23.17,19.98,6.02,1.77,95.11
2014-11-03,23.33,19.32,7.96,1.08,95.11
2014-11-04,22.78,19.35,2.11,1.09,95.14
2014-11-05,22.8,18.56,0.0,1.84,95.2
2014-11-06,23.03,16.87,0.0,1.45,95.1
2014-11-07,23.5,17.09,0.0,0.94,95.06
2014-11-08,23.28,19.95,0.0,1.31,95.08
2014-11-09,23.33,21.01,0.04,1.81,95.1
2014-11-10,23.94,20.43,0.82,1.35,95.03
2014-11-11,23.62,21.08,4.16,2.74,94.99
2014-11-12,22.81,20.58,4.84,2.87,94.97
2014-11-13,23.01,20.9,21.04,2.5,94.98
2014-11-14,22.65,21.34,8.21,3.23,95.17
2014-11-15,23.32,21.21,1.01,3.35,95.14
2014-11-16,22.49,19.76,0.94,3.12,95.09
2014-11-17,21.88,18.73,0.2,3.62,95.11
2014-11-18,21.51,18.87,0.05,3.94,95.2
2014-11-19,22.53,19.85,0.06,4.01,95.2
2014-11-20,21.93,18.94,0.15,3.7,95.14
2014-11-21,20.88,18.61,0.51,3.0,95.14
2014-11-22,22.03,19.38,2.65,2.4,95.11
2014-11-23,22.21,19.88,1.21,3.23,95.07
2014-11-24,22.02,18.99,1.17,3.54,95.07
2014-11-25,20.82,16.82,0.0,3.35,95.07
2014-11-26,21.33,17.47,0.0,2.91,94.9
2014-11-27,21.54,17.95,0.37,2.55,94.94
2014-11-28,21.52,17.67,0.58,1.77,95.02
2014-11-29,20.51,14.55,0.56,1.32,95.07
2014-11-30,20.89,16.06,0.09,3.26,94.99
2014-12-01,21.05,18.19,1.64,3.91,95.02
2014-12-02,22.14,19.02,0.37,2.96,95.12
2014-12-03,22.39,16.54,0.0,1.91,95.15
2014-12-04,20.3,15.05,0.0,2.62,95.19
2014-12-05,20.14,15.5,0.0,2.75,95.21
2014-12-06,20.51,15.48,0.0,2.71,95.18
2014-12-07,22.38,18.68,0.0,2.19,95.12
2014-12-08,23.42,19.94,0.06,2.48,95.15
2014-12-09,23.33,19.85,0.79,2.62,95.21
2014-12-10,22.95,20.33,6.28,2.88,95.16
2014-12-11,22.52,19.39,1.73,2.69,95.15
2014-12-12,22.6,19.68,2.2,2.85,95.18
2014-12-13,22.16,19.55,0.49,2.81,95.22
2014-12-14,23.31,20.09,0.02,2.89,95.2
2014-12-15,22.8,18.61,0.08,2.2,95.19
2014-12-16,23.23,19.54,0.81,3.64,95.17
2014-12-17,22.53,18.75,0.84,4.32,95.17
2014-12-18,22.39,19.28,0.8,5.18,95.22
2014-12-19,22.69,19.29,0.28,5.14,95.32
2014-12-20,21.69,17.47,0.04,3.84,95.26
2014-12-21,22.47,17.67,0.0,2.78,95.09
2014-12-22,22.5,17.01,0.0,2.84,95.06
2014-12-23,23.4,18.5,0.0,2.32,95.11
2014-12-24,23.11,18.52,0.0,2.93,95.24
2014-12-25,23.33,17.09,0.0,2.18,95.24
2014-12-26,21.19,13.37,0.0,2.32,95.1
2014-12-27,21.33,13.99,0.02,2.47,95.07
2014-12-28,21.12,16.9,0.1,2.49,95.1
2014-12-29,23.68,18.76,0.49,1.37,94.91
2014-12-30,24.77,19.82,0.25,1.48,94.75
2014-12-31,24.69,20.54,1.17,1.1,94.71
2015-01-01,23.96,19.45,1.35,2.35,94.84
2015-01-02,22.96,17.1,0.0,2.16,95.08
2015-01-03,23.32,16.6,0.0,1.39,95.19
2015-01-04,23.95,17.55,0.0,1.23,95.18
2015-01-05,23.61,17.37,0.0,2.11,95.17
2015-01-06,23.32,17.09,0.0,1.85,95.22
2015-01-07,23.56,16.81,0.0,1.43,95.17
2015-01-08,23.67,18.24,0.0,1.31,95.19
2015-01-09,23.27,17.69,0.0,2.47,95.29
2015-01-10,22.59,15.29,0.0,2.66,95.3
2015-01-11,20.17,10.08,0.0,3.29,95.32
2015-01-12,20.32,11.44,0.0,2.72,95.27
2015-01-13,20.31,11.69,0.0,2.49,95.19
2015-01-14,20.53,12.46,0.0,2.22,95.17
2015-01-15,20.89,12.79,0.0,2.17,95.19
2015-01-16,21.67,14.54,0.0,2.46,95.22
2015-01-17,22.93,16.45,0.0,2.78,95.27
2015-01-18,22.71,15.92,0.0,2.85,95.3
2015-01-19,22.31,15.05,0.0,2.9,95.27
2015-01-20,21.9,15.21,0.0,2.75,95.4
2015-01-21,21.5,14.88,0.02,3.06,95.53
2015-01-22,21.24,12.2,0.14,2.85,95.51
2015-01-23,23.15,16.75,0.06,2.85,95.29
2015-01-24,23.75,17.35,0.08,3.34,95.28
2015-01-25,23.73,15.21,0.0,3.45,95.37
2015-01-26,22.22,13.55,0.0,3.52,95.3
2015-01-27,22.98,15.17,0.0,3.85,95.18
2015-01-28,23.8,16.35,0.0,3.19,95.07
2015-01-29,24.59,16.57,0.0,2.4,95.16
2015-01-30,24.26,16.85,0.0,2.94,95.32
2015-01-31,23.82,13.83,0.0,3.85,95.33
2015-02-01,23.41,14.38,0.0,3.11,95.31
2015-02-02,23.17,12.87,0.0,4.42,95.38
2015-02-03,22.95,13.26,0.0,4.53,95.53
2015-02-04,23.61,13.95,0.0,4.48,95.47
2015-02-05,24.35,13.8,0.0,3.42,95.31
2015-02-06,24.1,11.69,0.0,3.21,95.29
2015-02-07,24.2,12.67,0.07,2.77,95.27
2015-02-08,24.09,12.6,0.0,2.29,95.2
2015-02-09,24.09,11.3,0.0,3.7,95.21
2015-02-10,23.67,12.64,0.0,3.44,95.27
2015-02-11,25.14,13.56,0.0,2.48,95.18
2015-02-12,25.82,15.05,0.08,2.95,95.15
2015-02-13,26.18,14.88,0.09,2.38,95.17
2015-02-14,26.32,14.05,0.01,2.07,95.06
2015-02-15,25.96,11.69,0.0,2.27,95.09
2015-02-16,24.86,10.11,0.0,2.94,95.22
2015-02-17,25.23,10.28,0.0,1.97,95.18
2015-02-18,25.15,9.11,0.0,2.03,95.13
2015-02-19,25.43,10.5,0.0,2.03,95.1
2015-02-20,24.33,8.81,0.0,3.66,95.15
2015-02-21,23.86,9.52,0.0,4.08,95.16
2015-02-22,24.41,9.27,0.0,4.24,95.2
2015-02-23,23.99,7.25,0.0,3.74,95.24
2015-02-24,24.72,6.64,0.0,2.47,95.13
2015-02-25,26.09,11.48,0.0,2.06,95.0
2015-02-26,27.16,16.32,0.0,1.98,94.89
2015-02-27,27.71,17.3,0.0,1.77,94.92
2015-02-28,27.04,18.12,0.17,1.91,94.95
2015-03-01,26.35,18.66,0.18,1.81,94.97
2015-03-02,27.5,18.07,0.64,2.01,95.09
2015-03-03,27.03,18.71,1.55,1.5,95.06
2015-03-04,26.52,18.28,0.96,1.84,95.08
2015-03-05,28.38,16.58,0.0,1.61,95.07
2015-03-06,28.07,18.08,6.0,1.61,95.2
2015-03-07,26.8,19.25,3.26,1.88,95.18
2015-03-08,26.61,17.8,1.9,2.52,95.24
2015-03-09,25.84,17.12,0.57,2.23,95.33
2015-03-10,25.9,13.63,0.11,3.1,95.29
2015-03-11,25.63,12.65,0.0,3.47,95.24
2015-03-12,27.0,15.14,0.0,3.75,95.24
2015-03-13,27.36,15.07,0.0,3.55,95.2
2015-03-14,26.9,16.01,0.51,3.29,95.28
2015-03-15,26.78,18.91,4.68,2.76,95.27
2015-03-16,25.69,19.77,6.34,2.13,95.29
2015-03-17,25.91,15.56,0.35,2.17,95.21
2015-03-18,26.84,14.18,0.0,1.48,95.06
2015-03-19,26.49,14.13,0.0,1.74,95.09
2015-03-20,26.36,11.05,0.0,2.97,95.18
2015-03-21,26.6,11.45,0.0,3.28,95.28
2015-03-22,27.37,10.29,0.0,2.56,95.2
2015-03-23,28.65,16.18,0.0,1.88,95.04
2015-03-24,29.35,16.5,0.0,2.07,94.94
2015-03-25,28.78,14.61,0.0,2.07,95.03
2015-03-26,27.71,12.95,0.0,3.18,95.18
2015-03-27,27.67,11.47,0.0,2.59,95.2
2015-03-28,27.81,11.05,0.0,2.32,95.09
2015-03-29,28.59,15.33,0.0,2.04,94.99
2015-03-30,29.2,16.16,0.01,1.87,94.95
2015-03-31,27.72,18.41,0.79,0.67,95.03
2015-04-01,28.17,18.95,2.25,1.42,95.0
2015-04-02,28.28,19.57,0.89,2.17,94.95
2015-04-03,28.31,20.07,1.04,3.18,94.81
2015-04-04,29.66,19.77,0.44,1.87,94.6
2015-04-05,28.65,19.94,0.0,1.76,94.69
2015-04-06,28.27,20.12,0.57,2.27,94.77
2015-04-07,29.25,19.59,1.7,1.93,94.79
2015-04-08,27.23,19.37,1.13,1.75,94.96
2015-04-09,28.53,15.67,2.15,1.94,94.99
2015-04-10,27.95,19.68,4.13,1.52,95.05
2015-04-11,26.72,20.19,0.97,2.01,95.11
2015-04-12,26.26,19.29,3.2,1.36,95.21
2015-04-13,24.79,20.22,5.74,1.13,95.19
2015-04-14,25.48,20.0,5.81,1.3,95.01
2015-04-15,25.52,21.11,14.49,0.74,95.02
2015-04-16,25.45,20.58,6.77,2.19,95.19
2015-04-17,25.84,19.85,5.27,1.41,95.08
2015-04-18,27.0,19.58,2.14,1.47,94.86
2015-04-19,26.63,20.74,0.5,1.32,94.89
2015-04-20,28.17,20.15,0.44,1.89,94.95
2015-04-21,27.46,20.52,6.03,2.12,95.0
2015-04-22,26.02,21.02,6.91,0.86,95.01
2015-04-23,26.03,21.19,6.61,2.44,95.02
2015-04-24,26.87,21.02,5.31,1.34,95.02
2015-04-25,24.98,20.61,11.13,1.87,95.0
2015-04-26,26.9,19.1,3.18,1.51,94.96
2015-04-27,27.27,19.78,0.18,1.89,95.04
2015-04-28,27.82,19.9,0.0,1.55,95.02
2015-04-29,28.25,20.59,0.56,1.75,94.98
2015-04-30,26.57,21.47,0.89,2.35,95.08
2015-05-01,27.67,20.52,2.02,2.09,94.97
2015-05-02,26.72,20.8,1.11,2.69,94.96
2015-05-03,26.93,20.36,0.2,1.37,94.94
2015-05-04,26.91,21.17,3.5,1.23,94.93
2015-05-05,27.02,20.76,0.99,0.89,94.88
2015-05-06,26.32,21.45,1.18,1.03,94.84
2015-05-07,26.52,21.83,14.53,1.18,94.93
2015-05-08,26.24,22.56,7.94,2.21,94.87
2015-05-09,25.86,22.33,2.81,2.8,94.78
2015-05-10,26.38,21.01,2.29,1.81,94.79
2015-05-11,25.61,20.0,4.1,2.05,94.94
2015-05-12,26.11,19.2,13.94,1.52,94.89
2015-05-13,25.27,20.75,12.63,2.09,94.81
2015-05-14,25.53,20.58,4.62,1.12,94.78
2015-05-15,25.7,22.74,29.78,0.76,94.81
2015-05-16,25.04,22.68,9.01,2.04,94.74
2015-05-17,24.38,22.0,8.26,2.87,94.71
2015-05-18,24.94,21.33,2.28,2.92,94.81
2015-05-19,25.56,22.02,1.58,3.43,94.87
2015-05-20,26.13,22.22,0.56,3.87,94.94
2015-05-21,26.21,21.77,0.03,4.68,94.97
2015-05-22,26.68,21.58,0.09,3.78,94.97
2015-05-23,25.37,21.89,1.7,4.02,94.98
2015-05-24,25.41,21.27,0.93,4.23,94.99
2015-05-25,26.66,21.76,0.1,3.71,94.95
2015-05-26,26.43,21.94,0.02,4.44,94.94
2015-05-27,25.77,22.03,6.38,3.5,94.93
2015-05-28,24.51,18.94,3.21,3.05,94.87
2015-05-29,25.75,21.56,1.99,3.3,94.8
2015-05-30,26.78,21.95,3.83,2.92,94.82
2015-05-31,26.0,22.55,6.19,3.7,94.76
2015-06-01,25.02,21.9,2.3,3.63,94.75
2015-06-02,25.12,21.84,4.35,2.77,94.79
2015-06-03,24.89,22.26,2.41,1.75,94.7
2015-06-04,24.72,22.28,6.45,1.75,94.71
2015-06-05,24.5,21.87,6.7,2.34,94.82
2015-06-06,25.74,20.97,0.22,2.32,94.77
2015-06-07,25.54,21.4,2.46,3.91,94.76
2015-06-08,24.36,20.7,1.53,4.48,94.86
2015-06-09,24.61,21.02,0.78,3.56,94.87
2015-06-10,24.95,20.77,0.9,3.01,94.82
2015-06-11,24.75,21.64,7.85,3.98,94.79
2015-06-12,23.98,20.5,1.4,4.6,94.85
2015-06-13,24.75,20.89,3.53,4.3,94.76
2015-06-14,24.73,19.67,0.74,4.2,94.73
2015-06-15,24.26,19.54,3.57,4.46,94.75
2015-06-16,24.16,19.35,1.61,4.85,94.72
2015-06-17,23.75,20.12,3.11,5.08,94.67
2015-06-18,24.44,20.5,4.28,4.91,94.62
2015-06-19,24.85,21.41,5.86,6.15,94.65
2015-06-20,25.22,21.65,4.31,7.43,94.61
2015-06-21,24.57,21.91,10.4,7.46,94.67
2015-06-22,25.08,21.9,2.16,7.1,94.71
2015-06-23,25.04,22.35,8.63,6.37,94.78
2015-06-24,25.18,22.03,2.03,5.95,94.91
2015-06-25,24.75,22.37,4.49,6.25,94.88
2015-06-26,24.11,20.75,12.08,7.03,94.91
2015-06-27,24.76,21.51,2.16,7.25,94.84
2015-06-28,25.05,22.09,2.0,5.18,94.95
2015-06-29,24.82,21.98,4.79,4.68,95.09
2015-06-30,24.9,20.17,2.82,3.97,95.01
2015-07-01,25.23,21.59,0.96,3.89,95.03
2015-07-02,25.26,21.24,0.24,3.92,95.08
2015-07-03,25.44,21.52,0.38,4.17,95.06
2015-07-04,25.34,21.84,1.44,4.66,95.01
2015-07-05,25.51,21.55,0.79,4.86,94.88
2015-07-06,24.88,20.67,0.24,5.31,94.83
2015-07-07,23.9,20.51,0.25,4.55,94.78
2015-07-08,24.92,20.97,1.82,5.04,94.84
2015-07-09,25.45,21.39,1.8,5.08,94.89
2015-07-10,24.75,21.75,2.16,5.22,94.78
2015-07-11,24.99,21.9,1.97,5.39,94.77
2015-07-12,25.53,20.89,0.16,4.68,94.77
2015-07-13,25.39,20.92,0.36,4.02,94.75
2015-07-14,25.41,21.46,1.26,4.38,94.64
2015-07-15,24.95,21.48,1.75,5.24,94.53
2015-07-16,25.22,21.05,1.66,5.53,94.52
2015-07-17,23.94,20.54,6.25,6.98,94.65
2015-07-18,23.96,20.63,5.42,6.56,94.75
2015-07-19,23.23,19.83,5.57,5.75,94.81
2015-07-20,24.2,20.6,4.66,5.61,94.67
2015-07-21,24.46,21.41,2.6,4.82,94.68
2015-07-22,24.28,21.53,1.77,4.87,94.8
2015-07-23,24.15,20.41,3.88,4.94,94.88
2015-07-24,23.79,19.98,1.11,4.02,95.01
2015-07-25,23.39,19.84,1.36,4.34,94.97
2015-07-26,23.68,19.25,0.39,4.39,94.99
2015-07-27,24.37,19.32,0.64,3.31,95.03
2015-07-28,25.28,19.49,0.5,3.43,95.04
2015-07-29,24.64,20.03,0.69,3.69,95.0
2015-07-30,25.02,19.97,0.0,3.98,95.0
2015-07-31,25.25,20.29,0.03,3.89,94.96
2015-08-01,25.5,20.05,0.21,3.49,95.02
2015-08-02,24.11,20.05,1.62,3.02,95.07
2015-08-03,24.34,20.98,3.2,3.83,95.0
2015-08-04,25.14,20.41,1.73,4.87,94.95
2015-08-05,24.44,19.41,1.3,4.92,94.96
2015-08-06,24.69,20.31,0.66,4.51,94.85
2015-08-07,24.97,20.85,0.91,4.7,94.8
2015-08-08,25.4,20.88,3.3,4.57,94.8
2015-08-09,25.1,20.93,0.95,5.36,94.63
2015-08-10,24.86,20.95,2.4,5.82,94.6
2015-08-11,25.02,21.1,0.81,5.03,94.76
2015-08-12,25.12,21.02,1.45,4.7,94.86
2015-08-13,24.89,21.16,2.67,4.4,94.82
2015-08-14,25.49,20.69,0.67,4.21,94.8
2015-08-15,25.46,21.07,2.17,3.65,94.86
2015-08-16,24.64,21.5,13.23,2.91,94.91
2015-08-17,25.4,21.44,9.6,2.23,94.82
2015-08-18,26.37,21.66,1.87,1.45,94.84
2015-08-19,25.78,21.52,1.08,1.93,94.95
2015-08-20,25.91,21.11,0.49,3.58,95.03
2015-08-21,25.28,21.63,5.63,3.58,95.0
2015-08-22,24.74,20.49,8.16,3.32,94.96
2015-08-23,24.79,19.58,5.25,3.77,94.98
2015-08-24,24.85,19.43,1.04,3.4,95.0
2015-08-25,25.31,19.57,0.14,3.4,94.89
2015-08-26,24.9,20.15,0.05,4.03,94.83
2015-08-27,24.94,20.8,0.65,4.81,94.81
2015-08-28,25.49,20.15,0.11,4.21,94.89
2015-08-29,25.65,20.55,0.0,4.36,94.87
2015-08-30,26.18,20.37,0.0,4.06,94.89
2015-08-31,26.03,20.44,0.03,3.4,94.95
2015-09-01,26.31,20.09,0.33,2.96,94.86
2015-09-02,25.76,19.65,1.0,2.39,94.8
2015-09-03,26.16,20.63,0.61,1.32,94.86
2015-09-04,25.46,21.84,1.31,1.22,95.04
2015-09-05,24.72,21.69,3.77,1.86,95.13
2015-09-06,24.81,20.86,3.29,3.26,95.14
2015-09-07,23.64,20.51,6.5,3.66,95.16
2015-09-08,23.48,19.21,0.86,3.44,95.11
2015-09-09,24.48,19.81,1.57,4.45,95.05
2015-09-10,23.95,20.63,1.92,3.98,95.04
2015-09-11,24.25,20.55,0.89,3.87,95.0
2015-09-12,25.25,20.57,0.94,4.22,94.99
2015-09-13,25.31,19.85,0.08,4.3,95.02
2015-09-14,25.08,19.48,0.18,5.09,94.98
2015-09-15,24.73,20.0,1.04,5.22,94.88
2015-09-16,25.15,20.67,3.94,5.45,94.72
2015-09-17,24.47,19.75,1.78,5.11,94.63
2015-09-18,24.77,20.68,1.16,4.63,94.69
2015-09-19,25.5,21.06,1.48,4.18,94.73
2015-09-20,24.76,20.75,2.28,4.35,94.75
2015-09-21,25.62,19.52,0.1,3.14,94.8
2015-09-22,26.5,19.94,0.26,3.28,94.81
2015-09-23,26.17,20.94,2.15,1.77,94.93
2015-09-24,26.05,21.43,6.8,1.52,94.93
2015-09-25,26.86,21.03,2.19,2.37,94.81
2015-09-26,26.9,21.24,1.82,3.12,94.78
2015-09-27,25.1,21.65,19.41,1.59,94.82
2015-09-28,24.03,22.25,15.64,1.99,94.73
2015-09-29,24.49,21.84,20.15,1.78,94.73
2015-09-30,24.71,21.2,5.5,1.36,94.87
2015-10-01,24.37,21.21,2.86,1.55,95.0
2015-10-02,24.62,21.42,4.87,2.97,95.18
2015-10-03,25.41,21.4,1.61,2.98,95.18
2015-10-04,25.03,21.58,4.61,2.78,95.15
2015-10-05,24.05,21.51,13.67,2.52,95.06
2015-10-06,23.57,19.29,2.51,2.79,94.96
2015-10-07,24.08,20.58,2.53,3.24,94.95
2015-10-08,24.02,21.09,4.86,3.58,95.04
2015-10-09,23.78,21.15,3.99,3.7,95.04
2015-10-10,24.26,21.45,3.02,3.67,95.07
2015-10-11,24.71,21.82,15.44,2.65,95.12
2015-10-12,25.16,21.11,8.86,1.13,95.16
2015-10-13,25.3,21.28,0.96,1.22,95.15
2015-10-14,25.33,20.14,2.51,1.91,95.16
2015-10-15,25.08,18.6,3.32,1.47,95.14
2015-10-16,25.45,19.09,0.09,1.73,95.13
2015-10-17,25.16,19.53,0.31,2.3,95.15
2015-10-18,25.16,20.64,2.03,2.27,95.24
2015-10-19,25.33,21.3,0.52,2.54,95.19
2015-10-20,26.05,21.14,0.5,2.44,95.01
2015-10-21,25.75,20.78,0.23,2.24,94.97
2015-10-22,25.6,20.34,0.39,1.97,95.06
2015-10-23,25.77,18.32,0.12,1.36,95.05
2015-10-24,25.92,19.29,1.48,1.85,95.0
2015-10-25,24.5,17.31,2.94,2.97,95.09
2015-10-26,24.47,17.55,0.13,3.0,95.18
2015-10-27,25.14,18.42,1.19,1.31,95.13
2015-10-28,23.58,20.56,8.19,1.85,95.14
2015-10-29,25.02,19.55,0.68,1.89,95.06
2015-10-30,25.66,19.74,2.75,1.65,94.95
2015-10-31,23.98,21.33,7.04,3.32,94.98
2015-11-01,24.66,21.52,9.65,2.29,95.01
2015-11-02,23.75,20.87,5.83,1.0,95.17
2015-11-03,24.17,21.33,10.33,1.55,95.18
2015-11-04,24.71,20.83,5.76,1.33,95.1
2015-11-05,24.47,21.82,22.3,1.63,95.07
2015-11-06,24.75,21.01,4.29,1.99,94.99
2015-11-07,24.05,20.79,8.13,2.71,95.03
2015-11-08,23.57,20.97,5.06,2.7,95.07
2015-11-09,23.5,21.23,18.69,2.38,94.92
2015-11-10,22.21,20.12,16.04,2.88,94.78
2015-11-11,22.35,20.69,6.26,1.8,94.88
2015-11-12,23.53,21.0,5.34,2.18,95.14
2015-11-13,22.49,19.79,2.5,2.14,95.17
2015-11-14,21.4,18.35,0.65,2.49,95.01
2015-11-15,21.89,19.84,2.86,2.08,94.86
2015-11-16,23.06,20.63,1.7,1.53,94.75
2015-11-17,24.09,21.1,1.46,1.33,94.78
2015-11-18,22.78,21.04,3.44,1.55,94.85
2015-11-19,22.65,21.47,6.92,2.88,94.97
2015-11-20,23.37,21.25,3.37,3.11,95.0
2015-11-21,22.73,20.34,1.52,3.7,95.03
2015-11-22,22.26,20.8,10.57,4.08,95.01
2015-11-23,22.41,20.61,8.01,2.83,95.12
2015-11-24,23.2,21.05,3.88,2.82,95.08
2015-11-25,21.89,18.33,0.0,3.37,95.12
2015-11-26,20.95,17.27,0.0,2.43,95.16
2015-11-27,22.51,19.87,0.05,2.52,95.04
2015-11-28,22.91,19.44,0.16,2.59,95.14
2015-11-29,22.25,19.58,13.09,3.13,95.25
2015-11-30,22.48,20.49,4.44,2.61,95.27
2015-12-01,22.6,20.35,1.13,3.05,95.13
2015-12-02,22.15,20.47,2.15,2.43,95.08
2015-12-03,23.51,20.66,0.43,2.38,95.11
2015-12-04,23.48,20.56,0.83,3.41,95.05
2015-12-05,22.78,20.41,6.21,4.7,95.04
2015-12-06,22.34,20.91,5.15,5.32,95.04
2015-12-07,23.14,21.15,5.62,4.57,95.12
2015-12-08,21.69,18.89,3.95,3.89,95.2
2015-12-09,22.14,20.02,2.25,3.26,95.22
2015-12-10,23.59,21.82,2.58,3.15,95.21
2015-12-11,23.73,20.98,0.81,2.1,95.13
2015-12-12,23.63,21.24,1.84,2.28,95.04
2015-12-13,23.74,20.9,1.04,1.31,95.1
2015-12-14,23.6,21.14,5.64,1.86,95.15
2015-12-15,23.69,21.13,1.6,1.59,95.15
2015-12-16,22.46,18.68,0.24,2.26,95.22
2015-12-17,21.8,18.66,0.0,2.87,95.21
2015-12-18,23.25,20.28,0.05,2.53,95.25
2015-12-19,23.02,20.0,1.24,3.15,95.39
2015-12-20,22.87,19.74,0.16,3.25,95.36
2015-12-21,22.04,16.98,0.01,2.85,95.39
2015-12-22,21.03,15.72,0.0,2.92,95.44
2015-12-23,21.55,17.53,0.0,3.02,95.45
2015-12-24,21.78,17.08,0.0,2.81,95.37
2015-12-25,21.47,16.84,0.0,3.34,95.35
2015-12-26,21.59,16.93,0.0,3.93,95.37
2015-12-27,22.33,18.32,0.01,4.07,95.42
2015-12-28,22.34,17.58,0.0,4.85,95.52
2015-12-29,21.94,16.94,0.02,4.09,95.44
2015-12-30,22.0,14.06,0.0,3.6,95.31
2015-12-31,20.85,15.9,0.0,4.6,95.39
2016-01-01,20.31,14.74,0.0,4.14,95.53
2016-01-02,20.18,13.58,0.0,3.67,95.57
2016-01-03,20.07,12.05,0.0,3.41,95.46
2016-01-04,20.03,13.2,0.0,3.46,95.46
2016-01-05,20.75,14.52,0.0,2.78,95.39
2016-01-06,22.04,16.47,0.0,2.5,95.34
2016-01-07,21.98,16.64,0.0,3.07,95.41
2016-01-08,21.45,16.19,0.0,2.7,95.45
2016-01-09,21.78,15.43,0.0,2.95,95.26
2016-01-10,21.12,14.2,0.0,3.12,95.36
2016-01-11,20.99,13.5,0.0,3.16,95.37
2016-01-12,21.38,14.56,0.0,2.7,95.23
2016-01-13,19.97,15.06,0.0,2.31,95.23
2016-01-14,21.43,13.87,0.0,2.59,95.21
2016-01-15,21.05,14.39,0.0,2.52,95.15
2016-01-16,21.95,15.59,0.0,1.79,95.09
2016-01-17,22.9,16.7,0.0,1.64,95.06
2016-01-18,23.45,17.28,0.01,1.54,95.0
2016-01-19,24.4,18.4,0.0,1.8,95.0
2016-01-20,24.83,19.22,0.11,1.51,95.09
2016-01-21,24.99,20.03,2.0,1.84,95.16
2016-01-22,24.08,18.72,1.59,3.17,95.24
2016-01-23,24.19,17.78,0.2,3.14,95.3
2016-01-24,24.67,18.85,0.06,2.94,95.33
2016-01-25,25.37,19.32,0.03,2.36,95.25
2016-01-26,25.51,18.92,0.04,2.04,95.21
2016-01-27,25.0,17.98,0.04,2.63,95.22
2016-01-28,24.31,16.42,0.0,2.47,95.27
2016-01-29,23.73,13.34,0.0,2.87,95.32
2016-01-30,22.95,13.61,0.0,3.4,95.34
2016-01-31,22.65,13.95,0.0,3.63,95.28
2016-02-01,22.39,11.6,0.0,3.21,95.31
2016-02-02,22.71,11.2,0.0,3.6,95.33
2016-02-03,22.42,10.79,0.0,2.99,95.24
2016-02-04,22.73,11.82,0.0,3.5,95.25
2016-02-05,23.05,12.85,0.0,2.78,95.22
2016-02-06,24.6,15.14,0.0,1.89,95.11
2016-02-07,25.86,17.11,0.0,1.64,95.19
2016-02-08,26.43,17.81,0.0,2.5,95.17
2016-02-09,26.09,17.0,0.05,2.17,95.17
2016-02-10,26.38,16.94,0.47,1.58,95.12
2016-02-11,26.57,17.31,1.09,1.39,95.08
2016-02-12,26.55,16.88,0.0,1.74,95.07
2016-02-13,26.23,13.97,0.0,1.88,95.1
2016-02-14,25.39,13.96,0.0,3.0,95.13
2016-02-15,25.18,13.72,0.0,2.71,95.23
2016-02-16,26.31,16.23,0.0,3.54,95.25
2016-02-17,26.14,15.34,0.0,4.29,95.24
2016-02-18,26.51,16.87,0.0,4.89,95.22
2016-02-19,26.25,16.13,0.0,3.81,95.34
2016-02-20,27.74,16.13,0.11,2.48,95.31
2016-02-21,28.34,17.23,0.3,1.79,95.22
2016-02-22,28.29,15.19,0.1,2.44,95.28
2016-02-23,27.62,12.66,0.0,1.89,95.21
2016-02-24,28.03,15.58,0.01,1.47,95.12
2016-02-25,29.04,16.58,0.08,1.46,95.13
2016-02-26,28.23,16.34,0.08,3.48,95.27
2016-02-27,27.33,16.16,0.17,4.28,95.36
2016-02-28,28.18,17.13,1.33,3.63,95.45
2016-02-29,26.0,15.64,0.58,3.74,95.43
2016-03-01,27.54,16.39,0.0,3.71,95.24
2016-03-02,27.09,15.82,0.0,3.68,95.26
2016-03-03,27.21,14.42,0.0,3.83,95.32
2016-03-04,26.24,12.32,0.0,3.2,95.21
2016-03-05,27.29,12.66,0.0,2.6,95.1
2016-03-06,27.79,13.52,0.16,2.33,95.05
2016-03-07,27.82,13.9,0.27,2.54,95.04
2016-03-08,28.39,13.9,0.0,1.97,94.97
2016-03-09,28.33,15.11,0.0,1.29,95.04
2016-03-10,28.03,15.68,0.0,0.95,95.12
2016-03-11,29.34,16.15,0.0,1.54,95.12
2016-03-12,28.94,19.12,0.22,1.86,95.1
2016-03-13,29.39,19.43,0.21,2.26,95.07
2016-03-14,29.53,19.19,0.29,1.49,95.07
2016-03-15,28.98,18.52,0.86,2.59,95.08
2016-03-16,29.42,17.7,0.65,1.74,95.0
2016-03-17,29.95,17.48,0.42,1.4,95.05
2016-03-18,30.64,16.07,0.0,2.14,95.02
2016-03-19,30.57,17.14,0.0,1.46,95.02
2016-03-20,30.78,16.43,0.0,2.19,95.03
2016-03-21,30.93,16.45,0.0,2.14,94.99
2016-03-22,29.58,19.67,0.46,3.63,94.9
2016-03-23,30.27,19.45,0.44,2.34,94.92
2016-03-24,30.87,17.07,0.03,2.06,95.09
2016-03-25,29.84,13.69,0.11,1.97,95.23
2016-03-26,29.27,11.94,0.01,2.36,95.2
2016-03-27,29.35,13.46,0.0,1.42,95.17
2016-03-28,30.24,15.86,0.01,1.56,95.14
2016-03-29,30.36,17.49,0.45,1.97,95.18
2016-03-30,30.36,16.72,0.36,1.82,95.18
2016-03-31,29.57,16.69,0.01,1.28,95.1
2016-04-01,29.99,16.14,0.02,2.07,94.93
2016-04-02,30.63,17.0,0.0,2.53,94.99
2016-04-03,30.95,16.64,0.0,2.08,95.1
2016-04-04,30.91,15.12,0.04,1.93,94.98
2016-04-05,30.43,17.44,0.13,2.37,94.91
2016-04-06,30.38,18.22,0.6,2.76,94.96
2016-04-07,30.72,19.15,1.33,1.88,94.89
2016-04-08,29.27,21.07,4.7,2.26,94.92
2016-04-09,26.44,22.3,10.33,2.13,95.06
2016-04-10,28.12,20.91,1.22,1.53,95.1
2016-04-11,29.14,20.35,0.12,2.05,95.0
2016-04-12,29.16,20.96,0.0,3.54,94.89
2016-04-13,29.45,21.16,0.06,3.7,94.75
2016-04-14,29.36,21.69,0.32,2.89,94.74
2016-04-15,30.01,21.51,0.27,2.09,94.9
2016-04-16,29.55,21.07,0.03,2.61,94.91
2016-04-17,30.16,19.7,0.0,2.55,94.81
2016-04-18,30.92,18.45,0.0,2.02,94.81
2016-04-19,31.06,18.87,0.19,1.88,94.87
2016-04-20,30.46,19.67,0.74,2.34,95.02
2016-04-21,30.2,20.31,1.82,3.43,94.95
2016-04-22,30.42,19.44,0.89,3.81,94.88
2016-04-23,30.36,19.85,0.24,4.05,94.7
2016-04-24,30.97,19.19,0.07,3.59,94.58
2016-04-25,30.77,19.47,0.14,3.12,94.7
2016-04-26,30.9,19.33,0.13,2.33,94.86
2016-04-27,30.52,18.23,0.0,2.02,94.85
2016-04-28,30.4,18.46,0.04,1.68,94.84
2016-04-29,31.06,17.58,0.03,1.98,94.88
2016-04-30,30.92,17.53,0.04,1.98,94.89
2016-05-01,30.58,19.25,0.04,2.65,94.87
2016-05-02,31.19,19.17,0.16,3.44,94.85
2016-05-03,30.58,19.04,0.32,2.92,94.81
2016-05-04,30.27,19.25,0.02,2.35,94.81
2016-05-05,28.61,20.9,1.11,1.74,94.89
2016-05-06,28.37,21.61,10.93,1.73,94.88
2016-05-07,27.45,22.4,8.43,1.01,94.87
2016-05-08,26.91,22.73,5.41,1.39,94.96
2016-05-09,27.44,21.28,1.04,1.76,94.91
2016-05-10,27.9,20.9,4.2,1.63,94.91
2016-05-11,26.69,20.96,8.21,0.87,94.92
2016-05-12,26.61,20.78,1.24,2.47,94.77
2016-05-13,28.31,21.18,1.08,1.95,94.72
2016-05-14,28.49,22.11,5.08,1.76,94.78
2016-05-15,28.07,20.96,3.16,1.73,94.83
2016-05-16,26.67,21.81,4.9,1.92,94.65
2016-05-17,26.23,19.89,13.06,2.55,94.54
2016-05-18,25.62,22.27,1.03,4.3,94.48
2016-05-19,26.3,22.36,5.94,5.16,94.56
2016-05-20,25.78,21.58,1.73,4.91,94.66
2016-05-21,27.1,21.56,0.0,4.63,94.77
2016-05-22,27.53,22.28,0.03,4.41,94.9
2016-05-23,28.0,22.09,0.01,4.85,94.9
2016-05-24,28.06,21.86,0.09,5.12,94.88
2016-05-25,27.14,21.94,3.02,4.75,94.82
2016-05-26,26.35,22.16,1.11,4.17,94.83
2016-05-27,26.43,21.71,4.08,2.67,94.86
2016-05-28,25.66,22.4,8.44,3.66,94.9
2016-05-29,25.27,21.39,3.07,3.61,94.85
2016-05-30,25.42,21.29,5.01,4.0,94.81
2016-05-31,25.99,21.28,3.14,3.18,94.88
2016-06-01,25.5,22.27,6.69,3.33,94.89
2016-06-02,24.82,22.16,5.36,2.76,94.84
2016-06-03,24.61,22.01,5.73,3.94,94.8
2016-06-04,25.53,21.77,4.59,4.27,94.78
2016-06-05,25.77,21.37,5.18,4.35,94.77
2016-06-06,25.94,21.6,1.73,4.54,94.78
2016-06-07,25.55,22.97,5.64,3.79,94.76
2016-06-08,24.83,22.34,8.59,4.02,94.82
2016-06-09,25.03,22.08,6.64,4.28,94.84
2016-06-10,24.36,21.19,5.2,5.84,94.87
2016-06-11,24.88,21.55,12.58,5.44,94.94
2016-06-12,25.24,21.11,0.55,5.13,94.95
2016-06-13,24.8,21.32,1.17,4.67,94.97
2016-06-14,25.18,20.87,0.95,4.9,94.91
2016-06-15,25.2,20.49,0.74,5.95,94.79
2016-06-16,25.35,21.22,2.7,5.65,94.66
2016-06-17,24.26,21.19,9.05,4.02,94.61
2016-06-18,24.23,20.11,4.79,4.46,94.67
2016-06-19,24.16,20.09,3.34,4.15,94.62
2016-06-20,24.01,20.56,2.57,4.45,94.58
2016-06-21,23.76,20.3,2.71,4.45,94.64
2016-06-22,23.54,19.41,6.11,5.23,94.78
2016-06-23,22.69,19.23,3.98,6.08,94.82
2016-06-24,23.99,18.91,0.46,5.54,94.72
2016-06-25,24.45,19.33,0.43,5.67,94.75
2016-06-26,24.61,20.88,3.9,4.93,94.77
2016-06-27,24.23,21.11,8.52,5.47,94.68
2016-06-28,24.16,21.32,11.74,6.0,94.73
2016-06-29,23.87,21.36,7.81,6.36,94.74
2016-06-30,24.25,21.03,2.68,6.79,94.75
2016-07-01,24.62,20.86,1.04,7.39,94.71
2016-07-02,24.73,20.66,0.66,6.95,94.74
2016-07-03,24.84,20.46,2.31,6.47,94.87
2016-07-04,24.14,20.71,6.09,5.26,94.88
2016-07-05,24.8,21.61,3.35,4.64,94.82
2016-07-06,24.63,22.1,10.02,4.44,94.8
2016-07-07,24.17,20.36,1.68,4.65,94.84
2016-07-08,23.8,20.86,3.98,5.83,94.8
2016-07-09,23.94,21.38,8.85,6.75,94.75
2016-07-10,24.56,21.52,5.74,7.5,94.71
2016-07-11,24.35,21.29,5.45,7.21,94.68
2016-07-12,24.12,21.01,3.17,6.43,94.76
2016-07-13,24.45,21.06,1.53,5.53,94.78
2016-07-14,24.49,21.09,4.86,4.29,94.71
2016-07-15,24.65,21.46,7.29,3.76,94.69
2016-07-16,23.73,21.33,14.51,2.73,94.81
2016-07-17,23.51,20.91,5.45,2.95,94.95
2016-07-18,22.89,20.42,7.35,3.34,94.97
2016-07-19,23.04,20.1,0.83,3.46,94.93
2016-07-20,24.41,20.62,0.48,3.92,94.85
2016-07-21,23.75,20.45,3.03,4.89,94.78
2016-07-22,23.64,20.37,3.88,5.33,94.74
2016-07-23,23.83,20.68,4.11,5.0,94.69
2016-07-24,23.97,21.04,6.42,4.19,94.7
2016-07-25,23.74,21.1,12.01,2.95,94.71
2016-07-26,23.6,21.17,12.59,2.13,94.69
2016-07-27,23.74,20.84,11.51,2.55,94.73
2016-07-28,24.12,20.93,9.31,2.29,94.74
2016-07-29,23.67,20.83,0.77,3.43,94.75
2016-07-30,23.38,20.27,4.56,3.92,94.81
2016-07-31,23.84,20.44,2.65,4.61,94.88
2016-08-01,23.7,20.7,2.7,5.63,94.87
2016-08-02,23.59,20.4,0.66,6.16,94.7
2016-08-03,23.78,20.69,0.58,6.84,94.61
2016-08-04,23.89,20.65,0.84,6.03,94.7
2016-08-05,23.56,20.61,2.5,5.68,94.81
2016-08-06,23.97,20.73,1.5,5.43,94.8
2016-08-07,24.26,20.81,0.72,5.01,94.87
2016-08-08,24.09,20.82,0.7,3.92,94.96
2016-08-09,24.5,20.79,0.98,4.35,94.91
2016-08-10,24.46,20.74,0.84,4.33,94.93
2016-08-11,24.56,20.87,0.23,4.08,95.0
2016-08-12,24.42,21.06,1.08,4.14,94.99
2016-08-13,24.75,21.08,0.67,4.6,94.87
2016-08-14,24.44,20.84,2.11,4.9,94.87
2016-08-15,24.29,20.58,3.1,5.37,94.81
2016-08-16,24.02,20.6,2.91,5.93,94.75
2016-08-17,24.19,20.62,2.62,5.77,94.68
2016-08-18,24.43,20.7,1.13,4.91,94.69
2016-08-19,24.84,20.68,1.21,4.69,94.7
2016-08-20,24.96,20.81,0.78,3.67,94.68
2016-08-21,25.39,20.65,0.77,3.71,94.75
2016-08-22,25.23,20.9,0.75,3.83,94.8
2016-08-23,24.39,21.07,2.53,4.06,94.81
2016-08-24,24.45,21.17,2.28,3.94,94.74
2016-08-25,24.24,21.26,1.52,4.5,94.76
2016-08-26,24.61,21.15,6.27,3.93,94.73
2016-08-27,23.81,20.95,10.11,4.41,94.8
2016-08-28,24.26,20.56,3.86,4.45,94.83
2016-08-29,24.29,19.88,0.66,4.2,94.78
2016-08-30,23.55,20.49,8.17,4.18,94.69
2016-08-31,22.67,19.05,5.21,3.91,94.78
2016-09-01,22.48,18.6,2.81,3.97,94.92
2016-09-02,22.67,18.95,0.85,4.26,94.96
2016-09-03,23.38,19.95,0.78,3.63,94.91
2016-09-04,23.92,20.17,0.41,3.5,95.04
2016-09-05,24.06,19.82,0.03,3.84,95.06
2016-09-06,23.75,19.88,0.22,4.16,95.08
2016-09-07,23.37,19.11,0.02,3.88,95.01
2016-09-08,23.92,19.52,0.0,3.99,94.97
2016-09-09,24.89,19.43,0.12,2.94,94.97
2016-09-10,24.39,20.28,1.19,2.96,94.91
2016-09-11,24.45,19.52,0.15,3.53,94.82
2016-09-12,24.26,19.15,0.04,3.49,94.78
2016-09-13,24.82,20.2,0.42,3.63,94.79
2016-09-14,25.09,20.78,1.39,3.86,94.78
2016-09-15,24.41,20.21,1.86,4.14,94.78
2016-09-16,24.51,20.94,1.97,4.43,94.75
2016-09-17,24.5,20.03,0.46,4.39,94.83
2016-09-18,24.24,20.12,0.44,4.31,94.95
2016-09-19,24.99,19.87,0.9,3.75,94.9
2016-09-20,24.92,19.49,0.41,4.07,94.81
2016-09-21,24.94,20.09,1.67,4.19,94.84
2016-09-22,24.27,19.44,0.39,4.74,94.85
2016-09-23,24.6,19.78,0.84,5.11,94.71
2016-09-24,24.25,19.75,1.93,5.66,94.62
2016-09-25,24.48,20.07,0.96,5.07,94.68
2016-09-26,24.62,19.66,0.65,4.2,94.79
2016-09-27,24.57,20.66,0.58,3.4,94.81
2016-09-28,25.0,20.97,0.75,3.24,94.75
2016-09-29,24.47,20.99,1.76,3.39,94.72
2016-09-30,24.83,19.66,0.24,4.24,94.69
2016-10-01,23.93,19.18,0.0,3.32,94.76
2016-10-02,25.18,18.99,0.0,3.03,94.88
2016-10-03,25.62,19.57,0.0,2.63,94.88
2016-10-04,26.06,18.98,0.0,3.51,94.89
2016-10-05,25.46,19.29,0.25,3.46,94.89
2016-10-06,25.54,17.9,0.25,3.39,94.88
2016-10-07,24.34,17.21,0.01,3.12,94.96
2016-10-08,24.93,19.12,0.05,3.86,95.0
2016-10-09,25.42,18.81,0.0,4.21,95.0
2016-10-10,25.24,17.76,0.01,4.33,94.95
2016-10-11,24.67,18.71,1.6,3.84,94.93
2016-10-12,24.4,20.34,1.65,2.29,94.9
2016-10-13,24.24,21.57,21.94,1.28,94.87
2016-10-14,25.21,19.55,1.35,1.49,94.92
2016-10-15,24.83,20.35,0.88,1.15,94.94
2016-10-16,25.16,20.54,0.16,1.39,94.98
2016-10-17,24.85,20.66,0.0,2.07,94.92
2016-10-18,26.28,18.26,0.0,2.14,94.81
2016-10-19,25.57,18.5,0.17,2.7,94.77
2016-10-20,25.72,19.67,1.28,2.5,94.7
2016-10-21,24.06,19.12,2.26,2.09,94.83
2016-10-22,24.92,18.98,0.88,2.77,94.95
2016-10-23,25.25,18.71,0.71,2.94,95.02
2016-10-24,25.31,18.96,0.19,2.24,94.98
2016-10-25,25.3,19.33,0.38,2.46,94.88
2016-10-26,25.52,19.33,1.85,1.84,94.89
2016-10-27,25.66,19.54,0.73,1.93,95.0
2016-10-28,26.5,18.53,0.0,2.64,94.98
2016-10-29,26.32,19.81,0.05,3.1,94.93
2016-10-30,26.01,19.84,7.19,1.65,94.97
2016-10-31,23.33,19.96,13.62,1.82,95.15
2016-11-01,24.68,18.27,1.68,1.95,95.09
2016-11-02,25.17,19.5,4.57,2.17,95.03
2016-11-03,24.79,20.24,7.38,1.63,95.04
2016-11-04,24.78,21.16,5.96,2.8,94.96
2016-11-05,25.49,20.25,0.85,2.48,94.87
2016-11-06,24.56,16.38,0.0,2.6,94.98
2016-11-07,24.51,15.32,0.0,1.56,95.08
2016-11-08,24.3,18.11,0.5,1.42,95.13
2016-11-09,24.22,17.07,0.29,2.49,95.2
2016-11-10,23.26,14.15,0.0,1.76,95.16
2016-11-11,23.77,16.89,0.08,1.46,95.1
2016-11-12,25.0,17.9,0.12,1.57,95.14
2016-11-13,25.22,19.53,4.21,2.13,95.21
2016-11-14,25.45,20.51,8.54,2.54,95.16
2016-11-15,23.64,19.18,8.17,2.84,95.14
2016-11-16,24.8,18.49,0.31,3.19,95.09
2016-11-17,25.11,18.16,0.09,3.92,95.1
2016-11-18,24.38,16.21,0.0,3.07,95.02
2016-11-19,24.42,15.11,0.0,2.72,94.97
2016-11-20,24.63,15.91,0.0,2.29,95.01
2016-11-21,24.41,15.91,0.0,2.96,95.03
2016-11-22,24.4,15.31,0.02,2.47,95.0
2016-11-23,23.83,13.72,0.11,2.79,95.0
2016-11-24,22.95,12.74,0.24,2.74,95.04
2016-11-25,23.31,11.71,0.0,2.38,95.03
2016-11-26,24.14,13.53,0.0,1.52,95.08
2016-11-27,24.44,11.94,0.0,1.78,95.08
2016-11-28,24.54,10.73,0.0,1.95,95.1
2016-11-29,24.25,13.27,0.0,1.34,95.17
2016-11-30,23.49,12.31,0.0,1.82,95.2
2016-12-01,24.53,11.98,0.26,1.3,95.05
2016-12-02,23.51,19.29,14.84,2.69,95.04
2016-12-03,23.79,20.83,14.31,1.91,95.14
2016-12-04,24.14,18.63,1.2,2.59,95.3
2016-12-05,24.76,18.98,0.14,2.14,95.2
2016-12-06,23.99,16.68,0.24,2.86,95.14
2016-12-07,23.24,13.21,0.0,2.23,95.18
2016-12-08,24.5,18.58,0.0,1.54,95.1
2016-12-09,25.23,18.72,0.0,1.59,94.97
2016-12-10,23.95,12.46,0.0,2.02,94.93
2016-12-11,22.22,10.23,0.0,1.94,94.85
2016-12-12,23.28,14.86,1.56,3.21,94.76
2016-12-13,22.7,19.07,10.51,3.23,94.72
2016-12-14,23.58,19.49,8.37,1.48,94.97
2016-12-15,23.41,17.74,1.36,3.3,95.12
2016-12-16,23.83,17.06,0.01,3.17,95.26
2016-12-17,24.21,17.01,0.01,2.64,95.28
2016-12-18,23.84,15.78,0.0,2.61,95.25
2016-12-19,23.59,14.34,0.0,2.65,95.22
2016-12-20,24.21,16.71,0.42,3.9,95.19
2016-12-21,24.43,17.77,0.09,3.13,95.26
2016-12-22,24.66,15.9,0.0,2.08,95.21
2016-12-23,24.44,10.95,0.0,1.46,95.09
2016-12-24,23.12,10.56,0.0,1.57,94.99
2016-12-25,22.55,12.6,0.0,1.61,95.09
2016-12-26,23.78,11.29,0.0,1.61,95.08
2016-12-27,24.24,11.87,0.01,3.22,95.06
2016-12-28,24.13,16.98,0.71,3.98,95.1
2016-12-29,23.52,14.7,0.23,4.03,95.17
2016-12-30,22.66,11.94,0.0,3.8,95.23
2016-12-31,21.9,11.32,0.0,3.11,95.18
2017-01-01,22.18,11.08,0.0,2.55,95.18
2017-01-02,23.54,14.19,0.0,2.05,95.24
2017-01-03,23.55,10.78,0.0,2.09,95.2
2017-01-04,23.22,9.65,0.0,1.75,95.16
2017-01-05,23.3,12.11,0.0,2.23,95.13
2017-01-06,23.01,12.46,0.0,1.91,95.11
2017-01-07,23.76,13.36,0.0,1.59,94.95
2017-01-08,23.12,11.99,0.0,1.9,94.92
2017-01-09,22.63,11.61,0.0,2.01,94.97
2017-01-10,23.1,11.97,0.0,1.7,95.04
2017-01-11,23.68,14.13,0.0,1.1,95.06
2017-01-12,24.26,13.81,0.0,1.24,95.0
2017-01-13,24.38,14.6,0.0,1.55,95.0
2017-01-14,23.95,13.91,0.0,3.68,95.13
2017-01-15,23.23,11.83,0.0,3.63,95.28
2017-01-16,23.69,12.97,0.0,2.46,95.26
2017-01-17,22.74,8.88,0.0,3.06,95.25
2017-01-18,22.28,9.58,0.0,4.03,95.28
2017-01-19,22.39,11.84,0.0,4.04,95.31
2017-01-20,23.91,11.85,0.08,3.75,95.28
2017-01-21,23.79,18.43,7.07,4.77,95.3
2017-01-22,23.66,16.37,1.0,4.11,95.4
2017-01-23,22.87,12.88,0.0,4.03,95.37
2017-01-24,23.59,13.13,0.0,4.38,95.31
2017-01-25,23.48,14.03,0.04,3.89,95.33
2017-01-26,23.58,17.35,1.5,3.64,95.3
2017-01-27,24.02,19.68,6.57,3.43,95.2
2017-01-28,23.78,19.4,5.61,3.94,95.18
2017-01-29,24.36,18.08,2.25,3.79,95.22
2017-01-30,24.54,16.84,0.14,3.12,95.22
2017-01-31,23.98,15.17,0.0,2.89,95.17
2017-02-01,22.29,10.73,0.0,3.21,95.26
2017-02-02,21.83,10.09,0.0,3.35,95.37
2017-02-03,22.38,11.43,0.0,3.2,95.35
2017-02-04,22.74,11.27,0.0,3.41,95.27
2017-02-05,22.89,11.43,0.0,2.35,95.22
2017-02-06,23.86,12.12,0.01,1.62,95.19
2017-02-07,24.88,12.55,0.01,1.63,95.16
2017-02-08,24.12,6.95,0.0,2.44,95.22
2017-02-09,23.87,7.73,0.0,2.58,95.15
2017-02-10,23.86,9.44,0.0,2.35,95.1
2017-02-11,23.55,9.57,0.0,2.67,95.16
2017-02-12,23.32,10.57,0.0,3.69,95.31
2017-02-13,23.65,12.23,0.01,4.45,95.38
2017-02-14,24.75,16.49,0.19,6.07,95.47
2017-02-15,25.29,13.37,0.0,5.01,95.48
2017-02-16,23.98,10.23,0.0,4.81,95.34
2017-02-17,23.01,7.74,0.0,4.7,95.26
2017-02-18,22.99,7.94,0.0,4.13,95.37
2017-02-19,23.73,8.72,0.0,2.46,95.31
2017-02-20,25.6,12.83,0.0,2.11,95.09
2017-02-21,27.36,15.95,0.0,1.54,94.97
2017-02-22,28.17,14.1,0.0,1.5,95.0
2017-02-23,27.31,10.42,0.0,2.47,95.11
2017-02-24,27.18,8.79,0.0,3.41,95.18
2017-02-25,26.27,7.01,0.0,3.06,95.21
2017-02-26,26.46,9.48,0.0,2.6,95.01
2017-02-27,26.15,9.76,0.0,3.65,95.08
2017-02-28,26.52,10.0,0.0,3.86,95.1
2017-03-01,25.66,7.43,0.0,3.86,95.1
2017-03-02,25.09,10.19,0.01,3.54,94.98
2017-03-03,26.59,14.7,2.26,2.88,94.82
2017-03-04,26.09,20.06,4.28,1.84,94.82
2017-03-05,26.1,20.55,2.16,1.59,94.82
2017-03-06,24.61,21.54,2.06,1.7,94.81
2017-03-07,26.25,20.51,0.72,1.6,94.79
2017-03-08,26.6,20.28,1.46,1.2,94.78
2017-03-09,25.67,20.14,4.24,1.38,94.78
2017-03-10,24.86,20.04,5.03,1.5,94.86
2017-03-11,26.43,17.05,1.2,2.34,94.95
2017-03-12,26.58,16.86,0.44,1.96,94.96
2017-03-13,26.87,18.36,2.34,1.85,94.99
2017-03-14,25.95,21.03,17.47,1.5,95.01
2017-03-15,24.66,20.5,16.0,2.62,95.12
2017-03-16,24.22,19.47,3.15,1.71,95.11
2017-03-17,26.21,18.5,0.13,1.43,95.04
2017-03-18,26.86,19.78,0.21,1.67,95.08
2017-03-19,27.21,19.07,0.26,1.8,95.1
2017-03-20,27.01,19.0,2.05,2.09,95.08
2017-03-21,27.0,19.72,4.5,1.17,95.11
2017-03-22,27.04,18.82,0.0,2.41,95.1
2017-03-23,26.97,16.97,0.0,2.3,95.08
2017-03-24,26.26,14.42,0.0,2.7,95.05
2017-03-25,26.27,12.83,0.0,2.67,95.09
2017-03-26,26.84,12.81,0.0,3.17,95.09
2017-03-27,26.04,12.31,0.0,3.12,95.15
2017-03-28,27.17,14.05,0.0,1.64,95.15
2017-03-29,27.82,15.67,0.0,2.02,95.08
2017-03-30,28.12,15.07,0.0,1.85,95.08
2017-03-31,28.09,17.29,0.03,2.87,95.15
2017-04-01,28.65,17.22,0.07,2.17,95.08
2017-04-02,29.06,16.9,0.0,2.09,94.95
2017-04-03,29.38,17.84,0.0,1.93,94.98
2017-04-04,29.46,18.34,0.06,2.19,95.01
2017-04-05,29.6,18.86,0.29,2.31,94.96
2017-04-06,29.03,19.64,1.72,2.18,94.88
2017-04-07,29.57,19.02,1.55,2.01,94.87
2017-04-08,30.34,18.18,0.1,2.26,94.83
2017-04-09,29.82,18.69,0.25,1.59,94.87
2017-04-10,29.18,19.42,0.14,2.85,94.81
2017-04-11,29.11,19.69,0.27,2.63,94.78
2017-04-12,29.74,19.11,0.6,1.91,94.82
2017-04-13,30.29,18.54,1.14,1.79,94.85
2017-04-14,28.42,19.17,0.93,2.04,94.85
2017-04-15,29.64,18.25,0.01,2.82,94.69
2017-04-16,29.37,19.68,0.35,3.5,94.75
2017-04-17,29.1,19.16,0.65,3.46,94.87
2017-04-18,28.17,19.35,0.53,3.43,94.86
2017-04-19,28.83,19.71,0.56,3.97,94.87
2017-04-20,28.22,20.63,2.31,4.15,94.88
2017-04-21,26.84,21.53,5.13,3.84,94.96
2017-04-22,27.67,20.66,2.52,3.39,94.92
2017-04-23,28.47,19.75,0.46,3.53,94.88
2017-04-24,28.8,19.87,0.19,3.85,94.89
2017-04-25,28.54,20.04,0.33,3.33,94.9
2017-04-26,27.34,21.34,1.83,1.87,94.94
2017-04-27,29.34,19.46,0.04,2.14,94.92
2017-04-28,30.16,18.95,0.0,2.55,94.92
2017-04-29,30.07,19.04,1.08,2.29,94.93
2017-04-30,30.26,18.06,1.05,1.79,94.89
2017-05-01,27.9,21.01,11.86,1.46,94.98
2017-05-02,27.66,20.42,11.88,1.66,95.07
2017-05-03,28.21,19.76,2.08,1.97,95.02
2017-05-04,27.69,20.36,0.57,1.77,95.04
2017-05-05,28.67,20.71,0.96,1.64,94.96
2017-05-06,27.29,22.31,5.71,1.65,95.08
2017-05-07,26.74,22.55,9.61,1.81,95.12
2017-05-08,26.92,18.88,2.03,1.51,95.09
2017-05-09,27.41,19.54,0.95,2.63,94.87
2017-05-10,27.37,22.1,3.62,1.48,94.85
2017-05-11,26.4,21.45,1.21,1.53,94.92
2017-05-12,27.04,21.81,13.73,1.05,94.9
2017-05-13,27.34,22.16,9.15,2.08,94.84
2017-05-14,27.42,21.42,1.89,3.35,94.81
2017-05-15,26.32,21.97,0.53,3.65,94.8
2017-05-16,27.04,22.4,0.43,3.92,94.71
2017-05-17,27.22,22.43,1.78,4.09,94.71
2017-05-18,25.99,21.7,10.29,2.42,94.83
2017-05-19,26.49,19.72,0.99,3.66,94.93
2017-05-20,26.02,21.93,7.38,3.1,94.83
2017-05-21,25.67,22.08,8.57,2.55,94.69
2017-05-22,24.89,22.29,12.13,2.11,94.76
2017-05-23,26.65,21.43,0.72,2.41,94.73
2017-05-24,26.13,22.53,3.98,2.98,94.73
2017-05-25,25.93,22.81,4.17,3.41,94.68
2017-05-26,26.19,22.19,1.88,3.65,94.67
2017-05-27,25.34,23.21,5.28,3.04,94.64
2017-05-28,25.16,22.76,5.85,3.98,94.67
2017-05-29,25.87,22.19,3.67,4.66,94.63
2017-05-30,26.0,22.3,4.93,5.23,94.66
2017-05-31,25.05,22.23,4.73,4.58,94.69
2017-06-01,24.81,20.99,5.61,4.87,94.71
2017-06-02,24.7,20.92,12.83,4.68,94.71
2017-06-03,24.5,20.86,2.49,5.52,94.86
2017-06-04,25.48,21.48,1.6,4.89,94.82
2017-06-05,25.33,22.11,8.32,4.4,94.85
2017-06-06,24.82,22.17,3.77,3.71,94.88
2017-06-07,24.95,19.83,5.53,3.56,94.92
2017-06-08,25.21,19.91,0.24,4.15,94.84
2017-06-09,24.77,20.56,0.65,4.85,94.79
2017-06-10,24.5,20.52,7.08,6.05,94.78
2017-06-11,24.3,20.49,3.53,6.51,94.72
2017-06-12,24.71,21.69,5.36,5.33,94.69
2017-06-13,25.14,22.18,3.13,4.38,94.68
2017-06-14,25.37,22.64,6.28,3.78,94.82
2017-06-15,25.16,22.26,2.21,3.47,94.84
2017-06-16,24.42,22.03,0.7,3.96,94.88
2017-06-17,24.42,19.83,1.89,3.97,94.83
2017-06-18,24.68,20.78,0.55,3.76,94.76
2017-06-19,25.01,20.94,0.81,3.96,94.73
2017-06-20,24.77,20.37,1.35,3.85,94.78
2017-06-21,24.32,21.59,2.25,3.77,94.82
2017-06-22,24.97,21.74,2.65,4.35,94.85
2017-06-23,24.9,22.02,4.47,4.94,94.82
2017-06-24,24.02,20.64,6.32,5.52,94.71
2017-06-25,24.4,21.68,7.4,5.83,94.59
2017-06-26,24.58,21.6,19.23,6.94,94.74
2017-06-27,24.1,21.61,12.49,5.56,94.83
2017-06-28,23.99,20.83,3.44,5.58,94.85
2017-06-29,23.85,20.58,1.78,4.88,94.81
2017-06-30,24.81,21.43,2.7,3.81,94.75
2017-07-01,24.58,21.73,4.18,4.11,94.78
2017-07-02,23.64,21.05,4.77,4.03,94.83
2017-07-03,23.77,20.42,4.17,4.5,94.91
2017-07-04,24.56,20.27,0.4,4.25,94.89
2017-07-05,24.07,21.13,1.53,3.87,94.9
2017-07-06,24.38,21.17,1.71,4.48,94.85
2017-07-07,24.26,21.48,1.62,4.63,94.84
2017-07-08,23.57,20.3,1.74,3.98,94.85
2017-07-09,22.96,19.94,2.84,3.91,94.89
2017-07-10,23.44,20.64,2.64,4.07,94.93
2017-07-11,23.83,20.79,0.86,4.03,94.93
2017-07-12,24.21,20.1,0.14,3.28,94.85
2017-07-13,23.69,20.64,7.21,4.35,94.87
2017-07-14,23.38,19.07,0.76,4.6,94.86
2017-07-15,24.0,20.84,1.22,4.59,94.88
2017-07-16,24.42,20.42,0.7,5.14,94.79
2017-07-17,24.39,20.86,4.31,5.84,94.7
2017-07-18,24.24,21.41,10.03,6.3,94.71
2017-07-19,24.02,21.46,8.61,6.54,94.74
2017-07-20,24.06,21.01,6.4,6.34,94.73
2017-07-21,24.07,20.83,2.9,5.54,94.82
2017-07-22,24.27,21.48,1.2,4.39,94.83
2017-07-23,24.67,21.18,0.53,4.29,94.83
2017-07-24,25.09,21.17,0.38,4.66,94.8
2017-07-25,25.21,21.08,0.13,4.13,94.71
2017-07-26,24.67,21.24,0.46,4.07,94.74
2017-07-27,24.7,20.98,2.33,4.7,94.83
2017-07-28,25.18,21.23,1.62,4.63,94.9
2017-07-29,25.25,21.14,3.19,3.89,94.91
2017-07-30,25.01,21.73,6.56,3.2,94.83
2017-07-31,24.6,21.4,9.25,2.76,94.87
2017-08-01,24.86,21.52,15.01,2.67,94.9
2017-08-02,24.95,21.38,5.91,3.82,94.93
2017-08-03,24.48,21.3,3.11,4.8,94.89
2017-08-04,24.59,21.72,4.9,5.06,94.66
2017-08-05,24.22,21.6,5.12,5.28,94.6
2017-08-06,24.67,21.62,2.84,4.73,94.59
2017-08-07,24.19,21.41,5.32,4.04,94.67
2017-08-08,24.27,21.69,21.39,3.74,94.74
2017-08-09,23.95,21.65,8.75,3.23,94.79
2017-08-10,23.96,20.52,4.73,2.45,94.81
2017-08-11,23.12,20.86,3.52,3.78,94.86
2017-08-12,23.74,20.76,2.6,2.64,94.88
2017-08-13,23.74,20.79,1.41,2.1,94.94
2017-08-14,23.68,20.89,8.21,1.36,95.03
2017-08-15,23.52,21.16,6.22,1.95,94.96
2017-08-16,23.61,20.78,2.59,3.47,94.85
2017-08-17,23.98,21.27,4.09,3.88,94.65
2017-08-18,23.7,20.85,6.49,4.88,94.59
2017-08-19,23.51,21.03,3.48,5.13,94.63
2017-08-20,23.94,20.91,6.57,4.9,94.62
2017-08-21,23.42,20.72,6.95,4.74,94.62
2017-08-22,23.81,20.79,1.17,4.17,94.66
2017-08-23,24.14,21.37,8.58,3.35,94.73
2017-08-24,24.44,21.27,2.04,2.32,94.73
2017-08-25,24.09,21.08,0.07,3.72,94.66
2017-08-26,24.23,21.43,3.52,4.2,94.56
2017-08-27,24.24,21.51,4.94,4.75,94.52
2017-08-28,23.67,21.62,13.25,5.02,94.5
2017-08-29,23.58,21.45,5.95,5.47,94.57
2017-08-30,24.19,21.23,5.41,4.43,94.72
2017-08-31,24.12,21.28,0.64,2.63,94.85
2017-09-01,24.73,21.89,28.6,1.96,94.85
2017-09-02,23.38,21.32,38.1,2.4,94.85
2017-09-03,24.46,21.75,2.93,2.02,94.83
2017-09-04,24.46,22.86,21.42,1.82,94.85
2017-09-05,24.44,22.66,9.45,2.21,94.83
2017-09-06,24.07,22.49,10.26,1.92,94.74
2017-09-07,24.65,22.44,10.19,1.23,94.69
2017-09-08,24.82,22.13,16.3,1.27,94.69
2017-09-09,24.38,21.95,12.88,1.13,94.69
2017-09-10,24.76,22.05,12.83,1.31,94.66
2017-09-11,25.02,22.54,4.56,1.41,94.71
2017-09-12,25.32,22.77,4.9,1.95,94.82
2017-09-13,24.87,22.43,6.24,2.03,94.87
2017-09-14,23.85,22.25,7.7,3.28,94.82
2017-09-15,23.55,21.87,1.62,3.58,94.8
2017-09-16,23.41,22.14,22.59,4.09,94.82
2017-09-17,22.98,21.21,22.53,5.43,94.95
2017-09-18,23.29,21.53,5.64,5.77,95.01
2017-09-19,23.75,21.79,3.33,5.89,94.91
2017-09-20,23.44,21.38,0.81,5.17,94.86
2017-09-21,23.15,20.9,0.51,4.28,94.82
2017-09-22,23.4,20.74,0.08,2.86,94.86
2017-09-23,24.09,21.35,0.02,1.96,94.93
2017-09-24,23.62,21.79,5.76,2.4,94.92
2017-09-25,23.4,21.62,6.56,2.37,94.81
2017-09-26,23.48,21.62,7.32,2.52,94.76
2017-09-27,22.85,21.08,6.69,2.75,94.81
2017-09-28,23.02,20.92,6.7,4.54,94.79
2017-09-29,22.74,20.75,1.95,4.16,94.76
2017-09-30,24.08,22.11,1.35,3.46,94.83
2017-10-01,23.51,21.79,1.63,3.09,94.87
2017-10-02,24.21,22.53,0.78,2.83,94.72
2017-10-03,24.15,22.31,0.8,2.69,94.73
2017-10-04,24.11,22.38,4.74,2.22,94.78
2017-10-05,24.04,22.46,4.81,1.74,94.64
2017-10-06,22.91,21.79,7.42,2.75,94.63
2017-10-07,23.85,21.83,3.34,2.0,94.67
2017-10-08,24.06,22.22,4.25,2.49,94.64
2017-10-09,24.2,22.43,0.95,2.46,94.62
2017-10-10,23.78,22.3,5.97,2.14,94.59
2017-10-11,23.74,21.61,6.52,1.54,94.69
2017-10-12,23.63,21.16,3.31,2.58,94.77
2017-10-13,23.48,21.54,14.59,2.51,94.72
2017-10-14,23.24,21.3,7.07,3.13,94.76
2017-10-15,22.24,19.84,3.2,3.6,94.87
2017-10-16,22.78,20.88,0.67,3.05,94.87
2017-10-17,22.74,20.7,2.71,2.25,94.87
2017-10-18,23.81,21.61,0.61,2.4,94.78
2017-10-19,24.16,21.95,0.07,1.96,94.77
2017-10-20,23.98,21.97,0.24,2.47,94.88
2017-10-21,24.08,22.15,3.13,2.88,94.96
2017-10-22,23.09,21.36,1.23,1.94,95.03
2017-10-23,22.88,19.74,0.02,2.27,95.02
2017-10-24,23.69,19.46,0.03,1.22,95.09
2017-10-25,23.9,21.53,3.99,1.77,95.18
2017-10-26,23.87,21.35,7.06,2.17,95.23
2017-10-27,23.88,21.62,16.04,1.71,95.11
2017-10-28,22.8,20.89,5.72,2.67,95.09
2017-10-29,23.5,19.83,0.07,2.62,95.14
2017-10-30,23.46,20.71,2.63,2.18,95.04
2017-10-31,23.1,20.76,1.86,2.89,94.96
2017-11-01,23.06,20.75,5.32,2.29,95.01
2017-11-02,23.05,20.56,2.9,2.47,94.95
2017-11-03,23.21,20.88,0.56,2.71,94.81
2017-11-04,22.78,20.71,4.41,3.33,94.84
2017-11-05,22.72,20.82,4.19,3.36,94.93
2017-11-06,22.68,21.06,11.13,3.16,94.98
2017-11-07,22.88,20.69,3.9,2.63,95.07
2017-11-08,22.71,20.89,13.15,2.8,95.07
2017-11-09,23.22,19.95,0.77,1.7,94.98
2017-11-10,22.9,18.94,0.0,1.83,94.94
2017-11-11,23.75,19.93,0.03,1.59,94.94
2017-11-12,23.59,18.98,0.04,1.28,94.85
2017-11-13,23.73,20.08,0.29,1.66,94.75
2017-11-14,23.02,20.49,0.91,2.03,94.72
2017-11-15,23.69,20.98,0.42,2.36,94.74
2017-11-16,22.77,19.85,0.59,2.35,94.82
2017-11-17,23.69,19.42,0.29,1.36,94.82
2017-11-18,23.99,19.71,0.16,1.84,94.9
2017-11-19,24.22,21.23,0.43,1.85,95.0
2017-11-20,24.3,21.22,2.16,2.16,95.05
2017-11-21,23.32,21.15,5.94,2.41,95.01
2017-11-22,23.73,20.62,0.61,2.61,94.94
2017-11-23,23.46,19.71,0.27,2.65,94.98
2017-11-24,23.99,20.18,0.0,1.98,95.07
2017-11-25,23.41,19.73,0.01,2.5,95.12
2017-11-26,22.59,19.7,2.02,2.44,95.2
2017-11-27,22.74,21.03,2.54,2.45,95.07
2017-11-28,23.35,20.18,0.35,3.13,95.02
2017-11-29,23.38,19.72,3.29,3.84,95.05
2017-11-30,22.1,20.89,32.72,5.52,94.84
2017-12-01,22.93,22.0,33.26,4.56,94.77
2017-12-02,22.34,20.52,4.27,2.11,94.97
2017-12-03,22.49,20.45,0.97,2.28,95.11
2017-12-04,23.08,20.2,0.25,1.63,95.02
2017-12-05,22.82,20.52,0.27,1.44,94.95
2017-12-06,23.24,20.9,0.03,0.54,94.88
2017-12-07,22.9,20.73,0.02,1.46,94.9
2017-12-08,23.43,18.27,0.0,1.2,94.93
2017-12-09,22.78,15.57,0.0,1.08,95.01
2017-12-10,22.01,17.17,0.11,2.09,95.14
2017-12-11,22.58,18.66,0.06,1.82,95.26
2017-12-12,23.32,20.25,0.01,1.09,95.24
2017-12-13,23.25,20.95,4.91,1.06,95.23
2017-12-14,22.81,19.59,0.68,2.48,95.23
2017-12-15,22.11,17.97,0.01,2.92,95.27
2017-12-16,22.26,18.63,0.0,3.8,95.33
2017-12-17,21.1,17.35,0.0,4.22,95.4
2017-12-18,20.11,16.05,0.0,3.87,95.43
2017-12-19,20.99,17.34,0.03,3.44,95.35
2017-12-20,21.72,16.82,0.05,4.03,95.36
2017-12-21,21.22,16.78,0.95,3.47,95.37
2017-12-22,21.94,17.66,0.13,4.15,95.25
2017-12-23,21.47,16.92,0.0,3.58,95.1
2017-12-24,20.77,15.77,0.0,3.14,95.08
2017-12-25,22.24,17.22,0.0,2.81,95.13
2017-12-26,22.17,15.65,0.0,3.14,95.16
2017-12-27,21.17,15.27,0.0,3.37,95.14
2017-12-28,19.69,13.52,0.0,3.56,95.12
2017-12-29,20.03,14.4,0.0,3.36,95.17
2017-12-30,20.88,15.5,0.0,2.68,95.13
2017-12-31,21.95,14.86,0.0,1.99,95.02
2018-01-01,22.37,16.47,0.0,1.44,94.9
2018-01-02,22.96,16.82,0.0,1.35,94.87
2018-01-03,23.39,17.78,0.0,1.56,95.02
2018-01-04,22.97,17.5,0.0,2.41,95.1
2018-01-05,21.68,15.18,0.0,2.52,95.03
2018-01-06,21.33,14.43,0.0,1.76,95.0
2018-01-07,22.14,15.61,0.0,1.38,95.02
2018-01-08,20.64,12.61,0.0,2.76,95.09
2018-01-09,21.54,15.22,0.49,2.42,95.24
2018-01-10,23.01,18.75,1.8,3.75,95.28
2018-01-11,23.9,18.86,0.27,3.15,95.27
2018-01-12,24.35,18.81,0.01,3.25,95.21
2018-01-13,22.92,17.19,0.0,3.27,95.17
2018-01-14,22.29,13.3,0.0,3.29,95.21
2018-01-15,22.44,14.61,0.0,3.33,95.21
2018-01-16,23.61,17.16,0.0,2.5,95.11
2018-01-17,23.61,17.51,0.0,2.19,95.09
2018-01-18,21.89,13.05,0.0,3.24,95.12
2018-01-19,20.92,12.85,0.0,3.23,95.18
2018-01-20,21.22,13.41,0.0,2.71,95.15
2018-01-21,21.28,13.3,0.0,2.81,95.04
2018-01-22,22.43,14.19,0.0,1.88,94.98
2018-01-23,22.77,16.21,0.0,1.63,94.95
2018-01-24,23.99,17.98,0.0,1.42,94.87
2018-01-25,24.53,16.19,0.0,1.54,94.82
2018-01-26,23.31,14.6,0.0,2.24,94.93
2018-01-27,22.94,15.04,0.01,1.92,94.97
2018-01-28,23.53,16.17,0.09,2.07,95.03
2018-01-29,23.21,13.68,0.0,3.32,95.14
2018-01-30,23.14,12.7,0.0,3.27,95.17
2018-01-31,22.15,10.91,0.0,3.26,95.19
2018-02-01,22.08,8.65,0.0,3.08,95.21
2018-02-02,22.33,8.51,0.0,3.05,95.1
2018-02-03,21.52,8.61,0.0,3.29,95.11
2018-02-04,21.01,8.4,0.0,2.95,95.13
2018-02-05,22.97,11.49,0.0,3.28,95.26
2018-02-06,24.82,17.53,2.09,2.73,95.25
2018-02-07,23.87,20.33,9.31,1.76,95.2
2018-02-08,23.9,19.03,2.76,1.85,95.12
2018-02-09,24.26,18.63,1.01,1.46,95.07
2018-02-10,23.68,17.53,0.03,2.32,95.17
2018-02-11,24.07,16.56,0.02,3.21,95.26
2018-02-12,23.44,17.66,0.22,2.63,95.35
2018-02-13,22.63,15.84,0.0,3.08,95.46
2018-02-14,22.1,16.01,0.0,3.59,95.47
2018-02-15,22.9,14.7,0.0,3.63,95.47
2018-02-16,23.07,15.02,0.0,3.36,95.41
2018-02-17,22.96,13.44,0.0,2.25,95.14
2018-02-18,24.28,12.34,0.0,2.44,95.03
2018-02-19,23.88,12.07,0.0,3.05,95.06
2018-02-20,24.42,13.22,0.0,3.21,95.05
2018-02-21,24.37,12.41,0.0,3.37,94.95
2018-02-22,24.79,9.39,0.0,2.8,94.92
2018-02-23,24.14,9.51,0.0,3.35,94.97
2018-02-24,24.35,12.35,0.0,3.63,95.11
2018-02-25,25.24,13.6,0.0,4.05,95.12
2018-02-26,26.26,14.69,0.0,2.86,95.05
2018-02-27,27.36,15.02,0.0,3.68,94.98
2018-02-28,26.62,12.07,0.26,3.32,94.99
2018-03-01,25.95,13.35,0.75,3.74,94.94
2018-03-02,25.87,8.15,0.0,3.7,94.95
2018-03-03,26.09,6.99,0.0,2.4,94.92
2018-03-04,26.99,7.9,0.0,2.33,94.89
2018-03-05,26.81,5.74,0.0,2.43,94.95
2018-03-06,26.8,6.37,0.0,2.63,95.0
2018-03-07,26.81,7.08,0.0,2.65,95.01
2018-03-08,27.15,10.48,0.0,3.29,95.01
2018-03-09,27.4,10.4,0.0,3.6,95.04
2018-03-10,26.96,10.03,0.0,3.31,94.99
2018-03-11,26.98,11.51,0.0,4.04,95.03
2018-03-12,27.08,15.84,0.01,4.68,95.08
2018-03-13,26.13,18.74,3.09,3.83,95.07
2018-03-14,25.52,18.61,2.6,2.92,95.02
2018-03-15,26.36,18.78,3.86,1.48,94.98
2018-03-16,26.75,20.22,2.71,1.71,94.88
2018-03-17,25.76,20.41,2.73,2.28,94.93
2018-03-18,25.93,19.89,7.51,2.18,95.01
2018-03-19,26.51,18.11,1.0,2.93,95.14
2018-03-20,26.92,14.73,0.01,2.54,95.05
2018-03-21,27.76,17.33,0.14,1.85,95.0
2018-03-22,27.51,18.86,0.63,2.07,94.83
2018-03-23,28.3,18.62,3.76,2.26,94.77
2018-03-24,28.42,18.11,0.94,2.38,94.91
2018-03-25,28.3,15.42,0.0,3.2,95.09
2018-03-26,27.87,12.02,0.0,3.21,95.15
2018-03-27,28.4,13.34,0.02,2.13,95.05
2018-03-28,29.0,18.89,0.07,1.9,95.01
2018-03-29,28.33,19.69,0.13,1.88,94.97
2018-03-30,27.77,19.98,0.34,1.99,94.92
2018-03-31,27.55,19.91,2.35,2.21,94.86
2018-04-01,27.91,19.23,2.5,1.31,94.81
2018-04-02,27.85,18.85,1.82,1.28,94.9
2018-04-03,28.41,19.01,0.31,0.94,94.87
2018-04-04,29.54,17.42,0.05,1.97,94.73
2018-04-05,28.96,17.36,0.0,1.92,94.7
2018-04-06,28.24,17.16,0.0,1.57,94.78
2018-04-07,29.16,15.68,0.02,2.43,94.85
2018-04-08,28.45,16.43,0.17,2.71,94.9
2018-04-09,28.25,17.29,0.32,2.81,94.94
2018-04-10,28.33,18.13,2.62,2.78,94.86
2018-04-11,27.63,19.56,2.04,1.79,94.87
2018-04-12,28.03,20.41,1.1,1.31,94.78
2018-04-13,27.87,20.09,2.84,2.55,94.86
2018-04-14,28.14,21.13,7.02,1.46,94.83
2018-04-15,27.15,21.78,3.68,1.79,94.91
2018-04-16,28.21,21.17,1.19,1.81,94.95
2018-04-17,28.48,20.86,0.35,1.78,95.0
2018-04-18,29.01,20.6,0.2,1.94,94.95
2018-04-19,27.82,21.28,0.09,2.53,94.86
2018-04-20,27.59,20.4,1.86,1.91,94.83
2018-04-21,29.38,19.9,1.39,1.45,94.78
2018-04-22,28.12,20.99,1.0,2.67,94.86
2018-04-23,30.09,19.26,0.18,2.08,94.82
2018-04-24,29.27,20.16,0.56,2.5,94.85
2018-04-25,27.98,21.01,1.04,2.51,94.81
2018-04-26,28.52,21.0,3.65,1.4,94.73
2018-04-27,27.43,21.84,3.89,1.14,94.84
2018-04-28,28.78,20.5,0.02,2.2,94.93
2018-04-29,28.56,20.84,0.0,2.25,94.86
2018-04-30,27.89,21.26,7.44,2.63,94.77
2018-05-01,26.84,21.97,12.66,2.49,94.84
2018-05-02,26.42,22.54,14.53,2.17,94.84
2018-05-03,27.11,22.34,13.37,1.57,94.83
2018-05-04,26.81,21.05,12.78,1.73,94.87
2018-05-05,27.32,20.78,6.61,1.12,94.96
2018-05-06,26.66,22.13,3.15,2.04,95.02
2018-05-07,27.1,21.67,0.48,2.43,94.92
2018-05-08,25.58,22.25,3.67,2.04,94.87
2018-05-09,25.63,21.38,26.3,1.53,94.9
2018-05-10,25.62,21.96,6.85,1.32,95.0
2018-05-11,25.61,21.93,6.51,2.25,94.95
2018-05-12,25.17,22.22,7.64,2.61,94.9
2018-05-13,25.54,21.66,3.28,1.71,94.87
2018-05-14,25.69,20.6,2.02,1.71,94.87
2018-05-15,24.77,20.01,1.6,1.75,94.81
2018-05-16,24.38,20.59,3.91,1.84,94.74
2018-05-17,25.9,21.78,1.72,1.8,94.73
2018-05-18,25.77,21.61,0.52,2.42,94.72
2018-05-19,25.65,22.12,4.06,2.55,94.67
2018-05-20,25.6,22.33,2.13,3.09,94.67
2018-05-21,25.32,21.85,3.07,3.25,94.76
2018-05-22,25.63,21.48,0.98,2.52,94.74
2018-05-23,26.2,22.35,2.73,2.64,94.65
2018-05-24,25.39,22.35,7.73,2.62,94.57
2018-05-25,25.59,22.56,26.94,1.95,94.49
2018-05-26,25.47,22.36,4.93,2.05,94.48
2018-05-27,24.8,22.96,9.32,3.43,94.38
2018-05-28,24.52,23.31,8.97,3.49,94.22
2018-05-29,24.71,22.88,4.96,4.29,94.46
2018-05-30,25.13,22.33,1.24,4.59,94.53
2018-05-31,25.35,22.36,0.26,3.96,94.64
2018-06-01,25.38,22.85,2.14,2.51,94.72
2018-06-02,25.69,22.61,1.36,2.58,94.71
2018-06-03,24.42,22.95,5.22,3.75,94.66
2018-06-04,24.51,22.49,5.27,3.28,94.59
2018-06-05,24.48,22.06,2.12,3.55,94.64
2018-06-06,24.62,20.88,1.38,4.44,94.86
2018-06-07,24.79,22.2,4.72,5.43,94.79
2018-06-08,24.82,22.13,7.27,7.23,94.6
2018-06-09,24.35,21.81,14.46,8.06,94.53
2018-06-10,25.18,22.92,10.16,7.2,94.63
2018-06-11,25.01,22.79,19.96,7.14,94.74
2018-06-12,24.59,22.51,17.48,6.43,94.74
2018-06-13,24.01,21.96,14.19,6.24,94.8
2018-06-14,23.7,20.85,6.1,5.05,94.86
2018-06-15,23.54,20.68,4.2,4.19,94.89
2018-06-16,23.53,20.56,2.73,3.86,94.99
2018-06-17,23.02,19.43,1.69,4.19,94.98
2018-06-18,23.57,20.6,4.4,4.42,94.87
2018-06-19,24.49,22.02,6.6,5.9,94.78
2018-06-20,24.25,22.48,6.02,5.27,94.75
2018-06-21,24.02,21.49,4.85,5.1,94.71
2018-06-22,23.43,20.57,3.36,4.42,94.71
2018-06-23,23.78,20.57,1.28,4.12,94.69
2018-06-24,24.0,20.13,0.31,4.09,94.79
2018-06-25,22.89,19.57,1.81,4.51,94.77
2018-06-26,23.38,20.37,2.98,5.39,94.66
2018-06-27,24.11,21.35,6.99,6.07,94.6
2018-06-28,23.47,20.84,7.43,5.05,94.71
2018-06-29,22.82,20.41,4.03,3.7,94.71
2018-06-30,23.2,19.63,2.73,3.17,94.76
2018-07-01,23.5,19.83,8.85,2.98,94.79
2018-07-02,23.69,20.47,8.37,3.54,94.79
2018-07-03,23.68,20.92,5.86,3.28,94.82
2018-07-04,24.34,21.3,0.09,3.51,94.86
2018-07-05,24.19,20.97,0.41,3.87,94.84
2018-07-06,24.06,20.97,6.1,4.99,94.77
2018-07-07,23.55,20.4,5.53,6.88,94.68
2018-07-08,23.95,21.55,8.95,6.04,94.62
2018-07-09,23.72,21.83,18.66,5.08,94.64
2018-07-10,23.63,21.88,23.47,5.31,94.72
2018-07-11,23.14,21.36,19.8,6.52,94.77
2018-07-12,23.83,21.32,5.81,6.65,94.71
2018-07-13,24.0,21.64,12.0,6.67,94.67
2018-07-14,24.23,21.74,5.73,6.69,94.6
2018-07-15,24.06,21.59,16.53,7.43,94.58
2018-07-16,23.41,20.95,18.77,7.37,94.65
2018-07-17,23.45,20.76,8.37,7.29,94.69
2018-07-18,23.41,21.12,8.28,6.26,94.74
2018-07-19,23.64,21.65,3.3,6.15,94.74
2018-07-20,23.35,21.41,3.41,6.84,94.76
2018-07-21,23.16,21.38,2.3,6.5,94.84
2018-07-22,23.84,21.17,1.28,6.14,94.79
2018-07-23,23.72,21.28,3.05,5.67,94.75
2018-07-24,23.82,21.15,4.03,5.71,94.87
2018-07-25,23.58,21.33,5.8,4.76,94.87
2018-07-26,23.81,21.2,3.75,5.08,94.91
2018-07-27,23.87,21.1,1.41,5.11,94.87
2018-07-28,23.6,21.31,4.9,4.61,94.8
2018-07-29,23.7,21.67,3.96,4.15,94.71
2018-07-30,23.64,21.75,2.81,4.21,94.74
2018-07-31,23.3,21.63,10.74,4.88,94.83
2018-08-01,23.43,21.28,3.59,4.77,94.89
2018-08-02,23.81,21.21,1.71,3.98,94.93
2018-08-03,22.92,20.05,1.89,4.58,95.03
2018-08-04,23.28,20.24,0.77,4.44,94.97
2018-08-05,23.31,20.84,2.13,4.77,94.96
2018-08-06,23.51,20.64,3.82,6.05,94.85
2018-08-07,23.42,20.6,5.86,6.12,94.72
2018-08-08,22.79,20.76,25.05,6.2,94.74
2018-08-09,22.96,20.82,18.0,5.32,94.92
2018-08-10,23.16,21.19,6.26,4.65,95.01
2018-08-11,22.87,20.82,2.45,5.26,94.92
2018-08-12,21.98,19.94,11.72,5.69,94.82
2018-08-13,22.84,20.65,14.12,5.84,94.8
2018-08-14,23.35,21.11,18.43,7.45,94.74
2018-08-15,22.86,21.67,39.95,7.68,94.68
2018-08-16,23.03,21.11,25.63,8.14,94.68
2018-08-17,23.4,21.51,10.99,7.53,94.62
2018-08-18,23.02,21.25,3.27,6.66,94.67
2018-08-19,22.84,20.93,1.65,5.78,94.67
2018-08-20,22.99,20.87,1.1,5.69,94.72
2018-08-21,23.06,20.56,1.02,5.16,94.84
2018-08-22,22.81,20.27,0.49,4.06,94.87
2018-08-23,23.31,20.79,0.36,3.76,94.89
2018-08-24,23.25,20.7,2.91,3.44,94.87
2018-08-25,23.84,21.11,0.68,3.47,94.8
2018-08-26,23.46,20.56,0.15,4.0,94.73
2018-08-27,23.18,20.52,3.88,4.07,94.75
2018-08-28,23.17,20.61,4.38,4.18,94.8
2018-08-29,23.57,20.91,1.03,3.93,94.87
2018-08-30,23.3,20.98,3.39,3.69,94.83
2018-08-31,23.37,21.23,6.77,3.6,94.86
2018-09-01,23.33,21.07,0.9,3.17,94.97
2018-09-02,23.73,20.95,0.01,2.97,94.94
2018-09-03,23.74,20.18,0.0,2.82,94.93
2018-09-04,23.82,20.21,0.0,2.99,94.98
2018-09-05,23.57,20.25,0.0,3.56,94.93
2018-09-06,23.57,20.28,0.0,4.25,94.85
2018-09-07,23.31,19.89,0.01,4.3,94.92
2018-09-08,23.82,20.04,0.01,3.62,94.88
2018-09-09,24.06,19.66,0.12,2.62,94.89
2018-09-10,24.13,19.5,2.99,1.77,95.03
2018-09-11,24.7,20.29,1.7,2.23,95.08
2018-09-12,24.86,19.95,0.97,2.29,94.93
2018-09-13,24.7,20.33,0.73,2.34,94.87
2018-09-14,24.33,20.54,1.0,2.4,94.91
2018-09-15,23.61,20.7,6.87,2.1,94.97
2018-09-16,23.53,21.18,5.74,3.04,94.86
2018-09-17,23.46,21.02,1.04,3.54,94.81
2018-09-18,24.12,20.62,0.2,4.43,94.83
2018-09-19,24.14,20.38,0.82,4.16,94.79
2018-09-20,23.83,18.9,0.34,4.21,94.6
2018-09-21,23.64,19.29,0.21,3.97,94.69
2018-09-22,23.69,20.3,0.68,2.69,94.91
2018-09-23,24.4,21.04,5.93,1.44,95.07
2018-09-24,23.86,21.7,22.76,1.23,95.09
2018-09-25,24.18,21.32,4.63,1.75,94.97
2018-09-26,24.94,21.85,4.76,1.14,94.82
2018-09-27,25.48,21.9,21.17,1.04,94.79
2018-09-28,24.05,21.93,15.22,1.94,94.82
2018-09-29,24.71,21.87,10.95,1.93,94.82
2018-09-30,25.23,22.21,10.06,1.46,94.83
2018-10-01,25.16,22.05,8.77,1.88,94.85
2018-10-02,24.86,22.12,3.31,2.04,94.91
2018-10-03,24.62,21.83,11.5,2.05,94.9
2018-10-04,23.43,21.11,13.03,3.05,94.88
2018-10-05,23.44,21.76,13.17,3.57,94.86
2018-10-06,23.98,21.75,14.43,3.71,94.86
2018-10-07,24.47,21.68,5.53,1.92,94.88
2018-10-08,23.74,22.02,22.07,1.56,94.86
2018-10-09,23.86,21.05,6.72,1.34,94.82
2018-10-10,23.4,21.36,0.14,2.58,94.82
2018-10-11,24.67,20.42,0.39,1.57,94.8
2018-10-12,24.84,21.63,0.3,1.53,94.89
2018-10-13,24.57,21.94,2.62,1.77,95.05
2018-10-14,24.01,22.18,17.27,2.06,95.12
2018-10-15,23.93,22.04,5.13,1.17,95.13
2018-10-16,23.77,22.01,13.2,1.4,95.2
2018-10-17,22.21,20.62,2.85,1.9,95.22
2018-10-18,23.95,19.88,3.78,0.96,95.1
2018-10-19,23.9,21.4,7.42,1.74,95.08
2018-10-20,23.62,21.48,9.5,1.34,95.15
2018-10-21,23.94,21.17,1.66,1.41,95.18
2018-10-22,24.0,20.43,1.51,1.69,95.16
2018-10-23,23.73,17.69,0.86,1.55,95.18
2018-10-24,23.38,16.84,0.02,2.01,95.14
2018-10-25,22.89,18.21,0.04,2.96,95.19
2018-10-26,23.01,19.2,0.0,3.28,95.22
2018-10-27,23.67,18.46,0.0,2.28,95.19
2018-10-28,23.64,16.9,0.0,2.1,95.1
2018-10-29,23.36,16.79,0.0,1.32,95.0
2018-10-30,22.92,17.94,0.0,1.67,94.93
2018-10-31,24.13,20.23,1.38,1.33,94.93
2018-11-01,23.96,21.59,6.03,1.73,94.92
2018-11-02,23.42,21.43,4.68,3.02,94.94
2018-11-03,23.44,21.31,9.16,3.08,95.03
2018-11-04,23.94,20.59,2.25,3.28,95.09
2018-11-05,24.0,20.73,2.3,2.69,95.1
2018-11-06,23.57,19.93,0.16,2.68,95.16
2018-11-07,23.53,18.32,0.01,2.25,95.14
2018-11-08,23.23,17.31,0.07,2.02,95.07
2018-11-09,23.85,20.16,1.17,2.35,94.99
2018-11-10,23.8,18.85,0.02,2.17,95.06
2018-11-11,23.75,18.3,0.15,1.56,95.14
2018-11-12,23.56,18.61,0.02,1.06,95.07
2018-11-13,23.36,18.15,0.01,1.55,94.91
2018-11-14,22.97,16.68,0.0,1.51,94.88
2018-11-15,24.26,17.52,4.68,1.09,94.93
2018-11-16,23.18,21.17,33.22,3.26,94.9
2018-11-17,24.03,19.97,0.09,2.14,95.03
2018-11-18,23.68,21.21,4.65,2.14,95.08
2018-11-19,24.02,21.09,5.2,2.22,95.17
2018-11-20,23.82,20.31,1.72,2.36,95.18
2018-11-21,22.55,19.49,1.5,2.11,95.14
2018-11-22,22.43,20.03,4.41,3.16,95.13
2018-11-23,23.13,20.82,5.82,3.46,95.3
2018-11-24,23.46,20.58,3.91,2.23,95.41
2018-11-25,23.47,20.31,0.21,2.13,95.32
2018-11-26,22.94,19.3,0.0,2.75,95.17
2018-11-27,21.01,16.45,0.0,3.15,95.22
2018-11-28,21.54,17.86,0.04,3.0,95.22
2018-11-29,22.78,20.3,4.47,3.39,95.3
2018-11-30,23.31,20.11,0.82,3.23,95.3
2018-12-01,23.08,19.38,0.5,2.9,95.13
2018-12-02,22.55,17.95,0.0,2.67,95.01
2018-12-03,22.76,18.52,0.01,2.75,95.07
2018-12-04,23.11,20.61,5.12,2.64,95.13
2018-12-05,24.07,20.26,0.56,2.45,95.09
2018-12-06,23.88,20.34,0.5,2.51,95.0
2018-12-07,23.85,19.51,0.04,3.01,95.04
2018-12-08,23.52,19.09,0.0,3.25,95.13
2018-12-09,23.43,18.27,0.0,2.91,95.12
2018-12-10,23.84,18.42,0.0,1.85,95.12
2018-12-11,23.49,17.72,0.0,1.67,95.12
2018-12-12,23.64,18.03,0.0,1.6,95.21
2018-12-13,24.17,19.0,0.0,1.3,95.23
2018-12-14,23.48,16.83,0.0,2.32,95.2
2018-12-15,23.55,17.0,0.0,2.49,95.14
2018-12-16,23.35,15.29,0.0,1.47,95.13
2018-12-17,23.27,17.33,0.0,2.35,95.11
2018-12-18,23.44,15.91,0.0,1.35,95.13
2018-12-19,22.99,18.22,0.01,2.45,95.18
2018-12-20,22.97,17.05,0.0,2.21,95.22
2018-12-21,23.66,16.88,0.0,1.51,95.17
2018-12-22,22.53,17.62,0.05,2.46,95.16
2018-12-23,22.99,19.41,1.61,3.27,95.2
2018-12-24,23.85,19.89,0.68,2.84,95.21
2018-12-25,24.08,18.21,0.14,2.8,95.22
2018-12-26,24.25,17.41,0.01,2.12,95.21
2018-12-27,24.21,17.86,0.01,1.58,95.13
2018-12-28,24.07,19.02,0.58,1.33,95.07
2018-12-29,23.67,18.91,0.57,3.02,95.23
2018-12-30,22.63,15.57,0.03,3.95,95.4
2018-12-31,22.16,15.92,0.01,3.42,95.48
2019-01-01,20.37,11.33,0.0,3.39,95.51
2019-01-02,19.84,11.0,0.0,3.7,95.51
2019-01-03,20.33,12.16,0.0,3.65,95.56
2019-01-04,20.31,11.67,0.0,3.9,95.49
2019-01-05,20.27,12.64,0.0,3.35,95.39
2019-01-06,20.83,13.27,0.0,2.95,95.26
2019-01-07,21.42,13.47,0.0,2.88,95.18
2019-01-08,22.04,12.81,0.0,2.99,95.23
2019-01-09,21.27,11.15,0.0,3.08,95.22
2019-01-10,21.25,11.6,0.0,3.07,95.21
2019-01-11,21.85,13.22,0.0,2.66,95.28
2019-01-12,21.86,13.34,0.0,3.17,95.25
2019-01-13,21.73,10.79,0.0,2.87,95.27
2019-01-14,22.17,14.31,0.0,3.04,95.21
2019-01-15,22.09,10.73,0.03,3.06,95.23
2019-01-16,21.51,9.7,0.0,3.36,95.27
2019-01-17,21.71,12.2,0.0,3.38,95.18
2019-01-18,21.58,11.56,0.0,3.22,95.19
2019-01-19,21.78,10.11,0.0,3.12,95.27
2019-01-20,21.63,8.72,0.0,3.45,95.35
2019-01-21,21.62,7.78,0.0,2.87,95.3
2019-01-22,22.34,9.94,0.0,2.13,95.25
2019-01-23,23.13,11.86,0.0,2.03,95.2
2019-01-24,24.51,14.26,0.0,1.55,95.24
2019-01-25,25.14,16.43,0.0,1.72,95.21
2019-01-26,26.17,17.11,0.0,1.32,95.17
2019-01-27,26.38,17.1,0.0,1.71,95.22
2019-01-28,26.3,16.33,0.0,1.63,95.24
2019-01-29,25.52,14.93,0.02,3.03,95.3
2019-01-30,24.9,13.97,0.05,3.63,95.32
2019-01-31,24.55,14.32,0.0,3.67,95.29
2019-02-01,24.41,13.87,0.0,2.96,95.27
2019-02-02,25.25,14.41,0.0,2.32,95.17
2019-02-03,25.73,14.17,0.0,3.06,95.25
2019-02-04,25.9,14.84,0.0,3.83,95.39
2019-02-05,25.65,16.07,0.02,3.71,95.38
2019-02-06,26.03,14.26,0.04,3.1,95.19
2019-02-07,26.8,14.9,0.1,2.0,95.17
2019-02-08,27.58,16.75,0.0,1.4,95.19
2019-02-09,27.44,18.47,1.95,1.27,95.18
2019-02-10,26.59,19.07,3.48,1.31,95.28
2019-02-11,26.43,16.37,0.21,4.44,95.31
2019-02-12,25.76,14.99,0.0,5.1,95.41
2019-02-13,25.61,13.07,0.0,4.31,95.47
2019-02-14,26.44,15.78,0.0,3.38,95.25
2019-02-15,27.9,17.01,0.04,2.04,95.25
2019-02-16,28.73,17.01,0.04,1.79,95.21
2019-02-17,28.65,15.6,0.01,2.69,95.09
2019-02-18,28.39,12.46,0.0,1.57,94.95
2019-02-19,28.17,16.85,2.07,2.24,95.06
2019-02-20,27.61,15.89,0.83,4.1,95.32
2019-02-21,26.65,13.36,0.0,3.93,95.46
2019-02-22,25.47,9.34,0.0,4.24,95.28
2019-02-23,25.71,9.15,0.0,4.04,95.14
2019-02-24,26.2,9.75,0.0,3.44,95.0
2019-02-25,27.31,7.48,0.0,2.13,94.95
2019-02-26,28.1,13.83,0.0,1.79,94.87
2019-02-27,28.22,17.43,0.0,3.35,94.83
2019-02-28,28.25,16.22,0.1,2.42,94.85
2019-03-01,29.14,16.58,2.0,1.5,94.86
2019-03-02,28.29,18.04,6.75,2.48,95.0
2019-03-03,28.34,17.5,0.08,2.02,94.98
2019-03-04,28.52,17.11,0.0,1.91,94.91
2019-03-05,29.08,17.45,0.0,2.01,94.86
2019-03-06,29.04,17.83,0.54,2.8,94.9
2019-03-07,29.45,17.14,0.33,2.71,94.85
2019-03-08,28.66,18.45,0.01,3.33,94.97
2019-03-09,28.3,18.44,1.66,1.76,95.12
2019-03-10,28.92,18.65,1.77,1.49,95.13
2019-03-11,29.17,16.19,0.0,2.1,95.22
2019-03-12,28.24,12.3,0.0,2.93,95.25
2019-03-13,27.6,9.38,0.0,3.37,95.25
2019-03-14,27.76,8.62,0.0,3.63,95.24
2019-03-15,27.97,8.21,0.0,3.33,95.19
2019-03-16,27.76,10.83,0.0,2.9,95.19
2019-03-17,28.13,10.7,0.0,2.32,95.16
2019-03-18,28.77,15.0,0.06,1.8,95.12
2019-03-19,29.06,17.19,0.14,1.52,94.98
2019-03-20,29.5,17.11,0.0,1.33,94.96
2019-03-21,29.47,14.35,0.0,2.01,95.05
2019-03-22,29.32,14.37,0.0,2.05,95.1
2019-03-23,29.96,15.41,0.0,1.35,95.06
2019-03-24,30.46,14.35,0.0,2.22,94.97
2019-03-25,30.26,12.97,0.0,2.91,94.98
2019-03-26,30.13,13.23,0.01,2.83,95.11
2019-03-27,29.39,10.27,0.05,2.17,95.24
2019-03-28,30.06,12.96,0.0,2.67,95.13
2019-03-29,30.44,15.44,0.0,1.97,94.97
2019-03-30,30.46,15.34,0.0,2.26,94.97
2019-03-31,30.48,16.16,0.0,2.07,95.01
2019-04-01,30.41,15.63,0.0,2.39,94.99
2019-04-02,30.82,15.93,0.0,2.01,94.95
2019-04-03,31.06,14.98,0.0,2.43,94.94
2019-04-04,30.25,14.37,0.0,1.74,95.09
2019-04-05,30.52,15.63,0.04,1.93,95.11
2019-04-06,30.66,14.41,0.06,1.95,95.05
2019-04-07,31.0,14.99,0.0,1.49,94.94
2019-04-08,31.14,16.68,0.13,2.0,94.85
2019-04-09,30.94,18.52,0.45,2.04,94.9
2019-04-10,31.4,16.82,0.11,2.22,94.94
2019-04-11,31.04,16.3,0.0,1.98,94.91
2019-04-12,31.58,14.59,0.0,1.87,94.84
2019-04-13,31.21,14.01,0.0,2.48,94.87
2019-04-14,31.1,12.69,0.0,2.71,94.9
2019-04-15,30.24,15.19,0.0,1.52,94.94
2019-04-16,30.65,18.44,1.79,2.3,94.9
2019-04-17,28.17,21.29,8.26,1.55,94.99
2019-04-18,28.96,20.78,5.85,1.87,94.91
2019-04-19,28.11,21.57,8.96,1.94,94.86
2019-04-20,27.32,22.06,16.22,1.73,94.76
2019-04-21,27.61,20.96,8.89,1.97,94.72
2019-04-22,28.74,20.56,9.75,1.37,94.69
2019-04-23,28.4,21.01,13.79,1.59,94.82
2019-04-24,28.68,19.79,0.43,1.41,94.89
2019-04-25,28.74,19.49,0.75,1.37,94.9
2019-04-26,29.07,20.33,0.77,1.83,94.8
2019-04-27,30.01,20.22,0.02,1.97,94.74
2019-04-28,29.78,20.12,0.0,1.66,94.76
2019-04-29,27.86,21.7,0.5,2.66,94.83
2019-04-30,26.83,21.52,0.84,4.46,94.78
2019-05-01,27.04,20.99,2.13,5.12,94.68
2019-05-02,27.07,19.96,0.29,4.58,94.68
2019-05-03,27.31,18.86,0.0,4.66,94.81
2019-05-04,27.72,18.92,0.0,3.78,94.97
2019-05-05,28.46,19.99,0.0,2.46,94.99
2019-05-06,29.42,20.42,0.22,2.58,94.88
2019-05-07,27.57,21.71,1.11,4.15,94.9
2019-05-08,26.05,20.64,1.9,3.81,95.02
2019-05-09,27.51,20.23,2.01,3.06,94.83
2019-05-10,28.85,20.13,1.33,2.42,94.75
2019-05-11,28.36,21.56,1.03,2.76,94.89
2019-05-12,28.16,21.45,0.98,2.8,94.83
2019-05-13,28.35,20.95,0.2,3.02,94.8
2019-05-14,28.1,21.07,0.96,3.07,94.78
2019-05-15,27.28,22.24,8.62,2.63,94.86
2019-05-16,28.18,21.48,1.83,2.51,94.9
2019-05-17,27.62,21.9,1.23,2.41,94.91
2019-05-18,28.09,21.27,0.16,1.75,94.8
2019-05-19,28.86,21.33,0.02,2.27,94.79
2019-05-20,29.71,20.59,0.0,1.84,94.85
2019-05-21,28.47,21.1,0.44,2.73,94.9
2019-05-22,29.75,20.58,0.21,1.89,94.8
2019-05-23,28.35,21.8,0.16,3.19,94.84
2019-05-24,27.54,22.32,0.92,3.05,94.88
2019-05-25,26.71,22.13,2.91,4.21,94.85
2019-05-26,27.22,22.24,1.0,3.84,94.72
2019-05-27,28.8,21.67,0.33,2.5,94.64
2019-05-28,28.6,21.73,10.51,2.84,94.63
2019-05-29,27.06,22.82,10.06,2.54,94.63
2019-05-30,27.09,21.42,3.14,2.82,94.63
2019-05-31,25.93,20.95,4.73,3.11,94.74
2019-06-01,27.43,21.22,0.84,3.44,94.73
2019-06-02,27.15,22.24,4.47,4.1,94.74
2019-06-03,26.13,22.21,0.94,3.3,94.75
2019-06-04,26.3,22.0,10.61,4.12,94.69
2019-06-05,26.42,21.76,16.98,2.14,94.66
2019-06-06,27.09,22.6,4.55,2.0,94.6
2019-06-07,26.47,22.84,0.8,3.7,94.72
2019-06-08,26.81,21.7,0.71,3.84,94.72
2019-06-09,25.84,21.05,4.33,4.43,94.74
2019-06-10,25.48,21.38,5.86,5.07,94.66
2019-06-11,25.82,21.73,6.54,6.29,94.67
2019-06-12,26.03,22.07,2.58,6.33,94.75
2019-06-13,25.82,21.98,2.25,6.1,94.8
2019-06-14,25.19,20.59,5.33,5.17,94.83
2019-06-15,25.7,20.8,2.61,4.35,94.84
2019-06-16,26.65,22.11,0.48,4.43,94.87
2019-06-17,26.53,21.9,0.39,4.75,94.9
2019-06-18,26.48,21.56,1.77,4.66,94.79
2019-06-19,25.76,22.27,3.5,4.82,94.73
2019-06-20,25.54,20.77,2.38,4.97,94.74
2019-06-21,24.98,20.73,7.64,4.46,94.69
2019-06-22,24.47,21.67,7.88,5.45,94.62
2019-06-23,24.95,20.96,4.59,5.16,94.53
2019-06-24,26.08,21.37,3.16,4.66,94.6
2019-06-25,25.7,21.98,2.74,4.05,94.75
2019-06-26,25.33,21.89,0.73,3.64,94.81
2019-06-27,26.07,21.59,0.04,5.05,94.73
2019-06-28,26.08,21.07,0.05,5.49,94.74
2019-06-29,25.94,21.13,0.07,5.56,94.73
2019-06-30,25.53,21.09,0.06,5.64,94.71
2019-07-01,26.41,21.42,0.08,5.28,94.65
2019-07-02,25.05,21.99,4.46,5.37,94.7
2019-07-03,25.27,22.04,2.95,5.36,94.76
2019-07-04,25.08,22.31,8.14,5.14,94.75
2019-07-05,24.99,21.78,5.3,5.67,94.69
2019-07-06,25.02,21.88,6.06,5.93,94.69
2019-07-07,25.35,21.83,3.82,5.36,94.75
2019-07-08,25.41,22.14,3.63,5.01,94.86
2019-07-09,24.55,21.49,5.91,4.44,94.86
2019-07-10,24.27,19.82,3.7,5.09,94.88
2019-07-11,25.04,19.46,3.08,3.72,94.96
2019-07-12,24.81,19.65,0.55,2.82,94.98
2019-07-13,25.31,20.97,4.18,3.25,95.0
2019-07-14,24.85,21.62,6.05,3.73,94.97
2019-07-15,24.22,20.13,5.09,4.11,94.88
2019-07-16,24.23,20.0,3.81,4.57,94.84
2019-07-17,24.2,20.21,2.55,4.17,94.73
2019-07-18,23.85,20.24,10.3,4.09,94.55
2019-07-19,23.62,20.86,13.68,5.46,94.42
2019-07-20,23.63,20.85,8.95,5.92,94.5
2019-07-21,24.13,21.18,6.31,6.65,94.55
2019-07-22,23.66,20.98,8.2,5.83,94.58
2019-07-23,23.82,19.92,3.46,5.58,94.66
2019-07-24,24.38,20.93,7.76,4.27,94.78
2019-07-25,24.01,20.6,4.91,4.27,94.9
2019-07-26,23.79,20.51,2.36,4.29,94.87
2019-07-27,24.43,20.7,0.01,3.87,94.82
2019-07-28,24.36,20.71,0.65,4.71,94.78
2019-07-29,24.41,21.02,0.7,4.83,94.79
2019-07-30,24.41,20.08,0.15,4.33,94.9
2019-07-31,24.78,20.06,0.06,3.84,94.95
2019-08-01,25.11,21.28,1.03,4.54,94.93
2019-08-02,24.3,21.42,2.9,4.99,94.92
2019-08-03,24.31,21.51,1.28,4.89,94.98
2019-08-04,24.07,21.32,7.21,5.13,94.9
2019-08-05,23.69,20.68,8.18,5.78,94.87
2019-08-06,23.92,20.97,16.32,6.49,94.78
2019-08-07,23.65,21.42,17.85,7.01,94.71
2019-08-08,23.92,21.99,50.65,7.82,94.65
2019-08-09,23.63,21.74,44.38,7.11,94.8
2019-08-10,23.26,20.83,14.08,6.19,94.82
2019-08-11,23.29,20.6,4.52,5.49,94.79
2019-08-12,23.59,20.64,2.66,5.62,94.78
2019-08-13,23.83,21.18,8.46,4.85,94.81
2019-08-14,23.68,21.81,7.02,5.25,94.89
2019-08-15,23.55,21.25,1.51,3.84,94.95
2019-08-16,23.37,20.7,8.91,3.94,94.91
2019-08-17,23.04,21.02,4.55,3.75,94.79
2019-08-18,22.95,21.27,7.2,3.03,94.88
2019-08-19,23.73,21.43,7.6,3.01,94.93
2019-08-20,23.93,21.78,7.48,3.44,94.9
2019-08-21,23.31,21.38,7.99,3.86,94.86
2019-08-22,22.71,20.83,9.27,4.74,94.88
2019-08-23,22.34,20.09,4.19,5.14,94.98
2019-08-24,22.71,20.52,2.58,4.75,94.95
2019-08-25,22.75,20.32,4.03,4.77,94.91
2019-08-26,23.27,20.92,6.87,5.05,94.89
2019-08-27,23.14,20.87,4.68,5.14,94.85
2019-08-28,23.46,20.91,3.19,4.62,94.87
2019-08-29,23.22,21.33,14.49,4.85,94.89
2019-08-30,23.08,20.62,1.09,5.13,94.73
2019-08-31,23.3,21.49,3.01,4.84,94.62
2019-09-01,23.43,21.87,5.02,3.9,94.74
2019-09-02,23.46,21.81,8.36,3.75,94.87
2019-09-03,23.64,21.36,4.55,4.63,94.81
2019-09-04,23.48,21.4,3.99,4.84,94.76
2019-09-05,23.59,21.53,3.94,5.28,94.75
2019-09-06,23.96,21.98,5.63,5.07,94.75
2019-09-07,23.95,21.74,3.5,5.07,94.82
2019-09-08,23.28,21.09,8.42,4.97,94.96
2019-09-09,23.13,21.02,2.96,3.95,94.88
2019-09-10,24.27,22.14,3.99,3.55,94.83
2019-09-11,24.16,22.48,15.57,3.48,94.92
2019-09-12,23.8,22.06,6.0,3.05,95.07
2019-09-13,23.31,21.57,14.26,3.12,95.12
2019-09-14,23.79,21.44,2.53,2.89,95.04
2019-09-15,23.65,21.36,8.48,2.46,94.99
2019-09-16,24.21,21.85,10.67,3.36,94.86
2019-09-17,23.83,21.33,13.03,3.26,94.73
2019-09-18,23.9,21.48,7.31,3.36,94.78
2019-09-19,23.05,21.1,4.89,3.53,94.87
2019-09-20,23.4,20.7,0.72,2.58,94.88
2019-09-21,24.19,21.6,0.97,2.85,94.82
2019-09-22,23.96,22.03,9.88,1.88,94.81
2019-09-23,24.05,22.05,14.99,2.48,94.84
2019-09-24,24.14,22.01,14.2,1.54,94.77
2019-09-25,23.68,22.02,8.6,2.22,94.81
2019-09-26,22.8,21.03,2.26,2.48,95.18
2019-09-27,24.04,20.83,5.64,1.31,95.29
2019-09-28,24.54,21.47,6.85,1.46,95.19
2019-09-29,23.61,21.13,11.68,1.96,95.24
2019-09-30,22.99,21.15,12.84,2.42,95.18
2019-10-01,23.91,21.49,5.2,2.08,95.16
2019-10-02,24.91,22.06,4.67,1.27,95.11
2019-10-03,24.77,22.08,2.26,1.36,95.08
2019-10-04,24.5,22.27,1.09,2.18,95.03
2019-10-05,23.53,21.61,1.93,2.04,94.96
2019-10-06,23.63,21.43,4.04,1.8,95.0
2019-10-07,23.21,20.98,9.16,2.36,95.05
2019-10-08,24.06,21.26,6.62,1.7,94.97
2019-10-09,24.52,21.95,2.97,1.78,94.93
2019-10-10,23.48,21.89,0.61,1.52,94.96
2019-10-11,24.26,21.94,6.38,1.19,94.95
2019-10-12,24.88,21.83,10.49,1.07,94.97
2019-10-13,24.35,22.02,22.86,1.5,95.02
2019-10-14,24.45,22.29,6.92,2.05,95.01
2019-10-15,24.15,22.2,6.4,2.06,94.99
2019-10-16,23.59,21.82,26.98,2.4,94.98
2019-10-17,23.25,21.57,17.03,1.94,94.95
2019-10-18,23.81,21.96,29.15,1.64,94.98
2019-10-19,23.68,21.89,10.3,1.99,95.04
2019-10-20,23.44,21.84,25.3,1.44,95.02
2019-10-21,22.45,21.05,19.85,1.68,94.96
2019-10-22,23.01,21.45,4.77,2.68,94.89
2019-10-23,22.82,21.34,7.71,3.1,94.87
2019-10-24,22.43,20.96,4.12,3.35,94.94
2019-10-25,22.44,20.69,2.77,3.08,94.97
2019-10-26,22.99,21.27,1.47,2.72,95.0
2019-10-27,22.99,20.47,0.22,1.31,95.07
2019-10-28,22.99,20.95,1.03,1.86,95.09
2019-10-29,21.78,20.01,7.06,3.15,95.06
2019-10-30,22.65,21.01,39.7,2.28,94.9
2019-10-31,22.63,21.59,11.78,2.57,94.92
2019-11-01,23.34,19.68,0.49,1.04,95.03
2019-11-02,23.14,21.09,1.98,1.59,95.09
2019-11-03,23.38,21.39,9.76,1.96,95.21
2019-11-04,24.06,21.27,3.29,0.89,95.24
2019-11-05,24.46,21.3,0.29,1.46,95.09
2019-11-06,24.48,22.39,0.9,1.65,94.92
2019-11-07,23.94,22.16,3.53,1.05,94.89
2019-11-08,24.26,22.21,4.9,1.64,94.94
2019-11-09,24.5,21.75,8.11,1.4,94.96
2019-11-10,23.77,22.52,10.11,0.92,94.93
2019-11-11,23.09,21.67,6.4,1.6,94.94
2019-11-12,21.88,20.29,1.52,2.68,95.08
2019-11-13,22.86,20.58,0.05,3.14,95.12
2019-11-14,23.03,21.27,2.33,2.81,95.1
2019-11-15,23.56,21.83,5.2,3.11,95.04
2019-11-16,23.45,21.63,3.69,2.56,95.07
2019-11-17,23.43,20.88,0.79,2.64,95.09
2019-11-18,23.52,21.32,2.24,2.65,95.08
2019-11-19,23.62,21.31,1.4,2.84,95.06
2019-11-20,23.29,21.58,6.73,2.43,95.01
2019-11-21,23.51,21.62,3.65,3.3,95.08
2019-11-22,22.65,20.91,1.61,3.08,95.19
2019-11-23,22.54,20.32,0.48,3.49,95.17
2019-11-24,22.72,20.7,0.5,3.33,95.15
2019-11-25,22.85,20.74,0.14,3.63,95.09
2019-11-26,22.46,20.0,0.72,3.93,95.03
2019-11-27,22.89,21.02,2.43,3.64,94.97
2019-11-28,23.08,21.5,2.6,3.58,95.03
2019-11-29,23.31,21.73,6.02,3.45,95.05
2019-11-30,23.15,21.58,4.04,3.08,95.03
2019-12-01,23.49,21.93,16.97,1.86,94.96
2019-12-02,22.51,21.28,16.32,3.07,95.1
2019-12-03,22.54,21.16,2.61,3.25,95.11
2019-12-04,22.25,20.13,0.66,4.1,95.21
2019-12-05,21.82,19.38,0.25,4.34,95.31
2019-12-06,21.21,18.79,0.05,4.0,95.26
2019-12-07,21.99,20.15,1.05,3.76,95.18
2019-12-08,21.58,19.32,0.33,3.52,95.27
2019-12-09,21.41,19.05,0.2,3.52,95.26
2019-12-10,21.1,18.21,0.05,2.91,95.15
2019-12-11,21.89,19.27,0.0,2.58,95.04
2019-12-12,21.78,18.98,0.0,2.51,95.07
2019-12-13,22.73,20.61,0.84,3.15,95.14
2019-12-14,22.49,21.16,10.72,3.81,95.25
2019-12-15,21.97,19.86,1.26,3.87,95.19
2019-12-16,21.77,19.81,0.0,3.16,95.18
2019-12-17,22.06,19.63,0.17,3.75,95.21
2019-12-18,22.12,19.81,0.07,4.03,95.23
2019-12-19,22.36,20.03,0.01,4.16,95.17
2019-12-20,22.18,19.96,0.0,3.33,95.13
2019-12-21,21.44,19.14,0.0,3.23,95.15
2019-12-22,22.13,19.36,0.0,3.04,95.15
2019-12-23,21.78,19.06,0.0,2.85,95.14
2019-12-24,22.46,19.86,0.73,2.6,95.21
2019-12-25,23.02,21.0,2.88,3.5,95.19
2019-12-26,23.18,20.55,0.21,2.32,95.16
2019-12-27,22.92,20.0,0.0,2.56,95.04
2019-12-28,22.26,18.98,0.0,2.9,95.11
2019-12-29,22.48,19.37,0.0,3.14,95.14
2019-12-30,22.42,19.14,0.07,2.99,95.18
2019-12-31,22.83,19.91,0.89,2.6,95.21
2020-01-01,23.29,20.21,0.39,2.44,95.24
2020-01-02,23.47,20.36,0.0,2.41,95.34
2020-01-03,24.16,20.55,0.0,2.18,95.27
2020-01-04,24.82,20.74,0.0,1.24,95.09
2020-01-05,24.29,20.67,0.0,2.61,95.07
2020-01-06,23.62,19.75,0.01,3.66,95.24
2020-01-07,23.06,18.88,0.01,3.32,95.25
2020-01-08,22.89,18.28,0.0,2.55,95.19
2020-01-09,22.67,17.83,0.0,2.41,95.19
2020-01-10,22.06,17.31,0.0,3.26,95.19
2020-01-11,21.53,15.61,0.0,3.52,95.25
2020-01-12,21.42,16.35,0.0,3.28,95.21
2020-01-13,22.42,17.43,0.0,2.06,95.1
2020-01-14,22.2,16.54,0.0,2.14,95.07
2020-01-15,21.32,15.36,0.0,2.67,95.11
2020-01-16,21.45,15.01,0.0,2.23,95.12
2020-01-17,22.63,16.9,0.03,2.16,95.12
2020-01-18,24.04,19.6,1.18,3.3,95.1
2020-01-19,23.68,19.44,3.06,3.38,95.15
2020-01-20,23.47,17.62,0.04,3.2,95.24
2020-01-21,22.96,15.93,0.0,3.38,95.3
2020-01-22,23.02,16.6,0.0,4.04,95.31
2020-01-23,23.85,18.73,0.0,4.15,95.25
2020-01-24,22.87,14.5,0.0,3.9,95.27
2020-01-25,21.93,12.78,0.0,2.83,95.28
2020-01-26,22.65,14.24,0.0,2.41,95.2
2020-01-27,23.79,15.1,0.0,1.88,95.18
2020-01-28,24.45,17.26,0.0,1.56,95.17
2020-01-29,24.75,16.53,0.0,1.6,95.24
2020-01-30,25.2,16.59,0.0,1.71,95.18
2020-01-31,24.59,16.81,0.0,2.34,95.07
2020-02-01,24.37,16.75,0.0,2.56,95.12
2020-02-02,23.66,15.45,0.0,3.25,95.33
2020-02-03,23.59,15.58,0.0,2.87,95.31
2020-02-04,24.03,16.05,0.01,2.73,95.17
2020-02-05,24.42,18.4,1.35,2.45,95.2
2020-02-06,24.49,16.76,0.56,2.07,95.19
2020-02-07,24.21,18.68,0.62,1.76,95.24
2020-02-08,25.36,18.12,0.0,1.56,95.22
2020-02-09,25.22,17.5,0.29,2.33,95.22
2020-02-10,25.37,17.28,0.21,3.64,95.22
2020-02-11,25.09,16.25,0.0,4.47,95.25
2020-02-12,24.99,15.9,0.0,4.0,95.38
2020-02-13,25.06,14.59,0.0,3.5,95.33
2020-02-14,25.0,14.89,0.0,2.08,95.16
2020-02-15,26.13,15.4,0.0,2.04,95.15
2020-02-16,24.95,12.15,0.0,3.02,95.24
2020-02-17,24.04,10.06,0.0,3.28,95.31
2020-02-18,24.25,11.89,0.0,3.56,95.29
2020-02-19,23.29,14.05,0.0,3.23,95.25
2020-02-20,23.84,11.98,0.0,3.95,95.19
2020-02-21,24.68,14.21,0.0,3.95,95.28
2020-02-22,26.45,17.23,0.0,4.87,95.35
2020-02-23,25.87,15.71,0.0,4.23,95.28
2020-02-24,25.92,15.18,0.0,3.78,95.11
2020-02-25,26.8,14.85,0.0,2.38,95.01
2020-02-26,27.08,14.78,0.01,2.98,95.04
2020-02-27,27.41,15.25,0.11,2.83,95.06
2020-02-28,27.44,17.21,0.07,3.39,94.99
2020-02-29,27.25,16.32,0.09,2.29,94.97
2020-03-01,27.52,17.47,1.22,2.35,95.03
2020-03-02,24.3,19.46,3.55,1.59,95.13
2020-03-03,24.4,18.33,0.59,1.64,95.16
2020-03-04,25.69,19.43,0.52,1.5,95.03
2020-03-05,26.82,19.63,0.22,2.24,94.94
2020-03-06,27.61,18.64,0.02,2.23,94.96
2020-03-07,28.01,18.09,0.0,2.97,95.09
2020-03-08,28.16,18.5,0.79,1.35,95.07
2020-03-09,28.78,19.14,0.27,1.29,94.96
2020-03-10,29.3,15.7,0.0,1.88,94.97
2020-03-11,28.95,16.61,0.51,1.82,95.0
2020-03-12,28.74,16.89,1.07,1.85,95.08
2020-03-13,28.15,12.17,0.0,2.59,95.1
2020-03-14,28.47,13.69,0.0,2.64,95.02
2020-03-15,28.64,15.41,0.0,2.79,94.98
2020-03-16,28.95,15.61,0.0,3.27,95.09
2020-03-17,28.77,15.22,0.0,3.86,95.21
2020-03-18,28.55,14.9,0.0,2.84,95.18
2020-03-19,29.49,13.29,0.0,2.17,95.09
2020-03-20,29.4,17.52,1.0,1.89,95.07
2020-03-21,28.42,19.12,4.33,1.48,95.05
2020-03-22,29.0,17.86,0.33,1.31,95.04
2020-03-23,29.06,18.42,0.32,1.53,94.98
2020-03-24,29.64,16.63,0.07,1.9,94.84
2020-03-25,29.25,16.92,0.09,1.92,94.87
2020-03-26,29.16,14.91,0.01,3.04,94.9
2020-03-27,29.2,14.78,0.0,2.67,95.1
2020-03-28,29.33,12.96,0.01,2.15,95.0
2020-03-29,29.46,12.99,0.05,1.82,94.92
2020-03-30,29.45,11.1,0.17,2.45,94.96
2020-03-31,29.29,10.66,0.33,2.88,95.02
2020-04-01,29.38,11.95,0.0,3.06,95.0
2020-04-02,30.49,14.2,0.0,2.49,94.89
2020-04-03,30.35,13.97,0.0,1.96,94.94
2020-04-04,30.21,14.37,0.0,1.38,95.01
2020-04-05,30.34,17.94,0.28,2.04,95.09
2020-04-06,29.01,20.03,1.56,1.55,95.1
2020-04-07,25.76,21.79,2.87,1.27,95.07
2020-04-08,28.0,18.78,0.47,1.7,95.05
2020-04-09,28.57,20.33,5.25,1.51,94.99
2020-04-10,28.71,18.34,0.28,2.53,95.06
2020-04-11,28.84,16.91,0.39,2.73,95.16
2020-04-12,28.74,15.4,0.41,2.69,95.11
2020-04-13,29.23,14.26,0.0,2.41,94.96
2020-04-14,29.95,13.44,0.01,2.54,94.97
2020-04-15,30.3,15.13,0.02,1.86,95.07
2020-04-16,30.42,16.8,0.07,1.44,94.96
2020-04-17,30.77,18.02,0.19,2.16,94.9
2020-04-18,30.89,18.36,0.24,2.09,94.93
2020-04-19,30.76,18.4,0.05,2.12,94.88
2020-04-20,31.04,17.36,0.28,2.42,94.89
2020-04-21,31.09,17.51,0.69,1.53,94.92
2020-04-22,30.15,19.83,1.71,2.34,94.91
2020-04-23,29.65,20.77,1.13,2.69,94.9
2020-04-24,28.21,19.06,0.89,2.84,94.9
2020-04-25,29.4,19.78,0.57,1.98,94.85
2020-04-26,27.36,21.44,5.06,1.72,94.94
2020-04-27,28.46,21.38,1.09,1.37,94.98
2020-04-28,27.0,22.12,2.52,1.75,94.96
2020-04-29,25.26,20.93,10.54,2.71,94.99
2020-04-30,27.85,18.49,0.12,1.82,95.01
2020-05-01,28.45,20.44,4.3,1.66,94.94
2020-05-02,28.59,21.07,2.04,1.52,94.79
2020-05-03,30.17,20.51,0.48,1.88,94.77
2020-05-04,29.65,20.55,0.2,1.52,94.88
2020-05-05,29.57,20.81,0.14,1.56,94.86
2020-05-06,28.0,22.2,2.48,2.13,94.86
2020-05-07,27.52,22.42,3.63,2.24,94.89
2020-05-08,26.73,22.61,2.88,1.7,94.89
2020-05-09,29.46,20.68,0.07,2.01,94.83
2020-05-10,28.51,21.55,0.12,0.98,94.87
2020-05-11,28.28,21.27,0.18,1.36,94.87
2020-05-12,27.81,21.06,0.46,1.45,94.85
2020-05-13,29.15,17.96,0.37,1.88,94.75
2020-05-14,27.93,21.79,0.26,1.79,94.71
2020-05-15,27.85,22.02,0.88,2.2,94.62
2020-05-16,27.92,21.19,0.72,3.44,94.56
2020-05-17,27.23,22.19,4.66,4.04,94.53
2020-05-18,26.04,21.14,5.75,5.38,94.52
2020-05-19,26.65,21.58,1.1,5.65,94.48
2020-05-20,27.66,21.11,0.42,5.16,94.54
2020-05-21,26.27,21.05,2.28,4.13,94.75
2020-05-22,27.58,20.07,0.44,4.14,94.69
2020-05-23,28.7,21.67,0.03,3.94,94.7
2020-05-24,28.21,22.11,0.51,4.42,94.76
2020-05-25,27.26,22.59,2.86,3.86,94.85
2020-05-26,27.36,22.26,0.92,3.4,94.86
2020-05-27,27.24,22.39,2.02,3.94,94.86
2020-05-28,26.86,22.42,19.29,3.93,94.79
2020-05-29,26.61,21.18,4.0,3.12,94.78
2020-05-30,26.36,21.53,2.47,2.33,94.79
2020-05-31,26.35,22.04,1.77,3.75,94.84
2020-06-01,25.82,22.47,3.16,4.2,94.9
2020-06-02,25.15,21.53,9.91,4.62,94.88
2020-06-03,25.15,21.82,1.48,4.82,94.85
2020-06-04,25.11,21.46,5.93,5.46,94.88
2020-06-05,25.52,21.75,5.15,4.61,94.88
2020-06-06,25.52,21.21,5.71,4.8,94.85
2020-06-07,25.12,21.28,5.07,4.23,94.8
2020-06-08,25.82,19.53,0.14,4.32,94.75
2020-06-09,25.22,20.23,2.1,4.0,94.73
2020-06-10,24.99,20.26,3.29,4.93,94.65
2020-06-11,25.12,20.12,0.86,5.33,94.55
2020-06-12,24.81,19.52,2.91,6.53,94.53
2020-06-13,25.61,19.94,1.95,5.82,94.6
2020-06-14,25.43,20.63,3.16,5.99,94.71
2020-06-15,25.87,21.71,1.61,5.08,94.62
2020-06-16,25.31,22.37,3.7,4.71,94.59
2020-06-17,24.87,21.58,2.68,4.8,94.63
2020-06-18,24.57,20.6,2.0,4.79,94.78
2020-06-19,24.57,20.78,1.77,3.88,94.81
2020-06-20,25.08,20.05,0.64,3.95,94.81
2020-06-21,24.13,20.44,3.67,4.68,94.73
2020-06-22,24.88,20.31,2.98,5.03,94.62
2020-06-23,24.84,19.64,0.21,3.79,94.71
2020-06-24,25.28,19.88,1.11,3.7,94.71
2020-06-25,24.4,20.76,10.13,2.72,94.6
2020-06-26,24.68,20.94,4.62,3.53,94.57
2020-06-27,24.76,21.64,3.24,4.22,94.62
2020-06-28,25.16,22.41,10.76,3.94,94.59
2020-06-29,25.02,22.35,7.42,3.85,94.54
2020-06-30,25.41,20.75,2.18,4.64,94.51
2020-07-01,24.63,20.55,0.51,4.43,94.66
2020-07-02,24.13,20.7,6.26,4.18,94.68
2020-07-03,23.1,19.95,8.3,4.99,94.73
2020-07-04,23.46,20.35,7.85,5.74,94.71
2020-07-05,24.39,20.12,3.53,5.09,94.65
2020-07-06,23.5,20.74,14.36,4.66,94.67
2020-07-07,24.02,20.64,6.02,4.97,94.74
2020-07-08,24.24,21.85,9.52,3.47,94.75
2020-07-09,23.45,21.14,20.77,2.62,94.72
2020-07-10,23.95,21.14,2.34,2.62,94.78
2020-07-11,24.08,20.99,5.84,3.39,94.76
2020-07-12,24.42,21.0,2.31,4.48,94.67
2020-07-13,24.16,20.93,4.32,2.84,94.6
2020-07-14,24.14,21.8,3.49,3.09,94.63
2020-07-15,23.74,21.85,5.72,4.16,94.61
2020-07-16,23.98,21.33,10.43,4.7,94.55
2020-07-17,23.16,20.94,10.15,3.68,94.57
2020-07-18,23.79,21.07,3.04,3.38,94.65
2020-07-19,23.99,21.36,5.31,1.63,94.67
2020-07-20,23.97,22.25,32.56,2.59,94.54
2020-07-21,24.3,21.3,2.4,1.45,94.6
2020-07-22,24.87,22.29,0.63,1.48,94.62
2020-07-23,24.33,22.3,6.82,2.42,94.6
2020-07-24,23.86,21.47,12.75,3.47,94.74
2020-07-25,22.95,21.0,2.26,3.43,94.81
2020-07-26,23.46,21.02,1.72,3.24,94.95
2020-07-27,23.96,20.89,2.43,3.37,94.83
2020-07-28,23.85,21.51,5.47,3.93,94.68
2020-07-29,23.45,21.49,16.24,3.92,94.58
2020-07-30,23.43,21.28,7.34,4.82,94.64
2020-07-31,23.99,21.96,10.18,4.38,94.6
2020-08-01,23.33,21.05,7.08,4.7,94.68
2020-08-02,23.24,21.04,8.62,6.18,94.69
2020-08-03,23.48,21.38,13.01,6.89,94.59
2020-08-04,23.57,21.12,15.98,7.57,94.5
2020-08-05,23.64,21.47,10.24,8.83,94.36
2020-08-06,24.66,22.17,22.51,7.84,94.47
2020-08-07,23.94,21.81,27.33,6.67,94.75
2020-08-08,23.45,21.33,18.95,5.66,94.74
2020-08-09,22.58,20.88,13.34,4.4,94.72
2020-08-10,23.16,21.53,2.45,5.2,94.72
2020-08-11,23.69,21.68,6.38,4.41,94.84
2020-08-12,23.84,21.85,2.61,4.75,94.91
2020-08-13,23.59,21.8,5.32,4.04,94.77
2020-08-14,23.16,21.35,2.39,4.09,94.68
2020-08-15,23.28,21.41,1.08,4.4,94.7
2020-08-16,23.49,21.54,1.15,4.16,94.72
2020-08-17,24.11,21.7,2.48,4.06,94.68
2020-08-18,24.2,21.96,3.35,3.97,94.72
2020-08-19,23.77,21.74,0.87,3.47,94.64
2020-08-20,23.48,21.73,0.42,3.38,94.65
2020-08-21,24.43,21.8,0.05,3.08,94.8
2020-08-22,24.63,22.1,6.15,2.91,94.87
2020-08-23,24.07,21.75,2.7,2.8,94.85
2020-08-24,24.33,21.79,11.0,2.4,94.85
2020-08-25,24.53,21.79,2.45,2.3,94.9
2020-08-26,24.33,21.81,1.13,1.74,94.91
2020-08-27,24.45,21.26,0.12,2.72,94.82
2020-08-28,24.71,20.99,0.09,3.05,94.74
2020-08-29,24.22,21.23,0.09,3.35,94.76
2020-08-30,24.79,22.04,1.09,2.84,94.77
2020-08-31,24.05,21.93,3.24,2.18,94.83
2020-09-01,23.68,21.58,12.27,3.09,94.81
2020-09-02,23.02,21.27,14.78,2.79,94.76
2020-09-03,24.02,21.94,5.41,1.98,94.71
2020-09-04,24.63,22.19,6.66,1.62,94.66
2020-09-05,25.2,22.04,2.46,1.45,94.59
2020-09-06,24.5,22.15,18.71,2.72,94.63
2020-09-07,23.43,21.67,6.87,4.42,94.74
2020-09-08,23.92,21.98,4.8,2.63,94.77
2020-09-09,23.77,21.73,14.78,3.5,94.69
2020-09-10,23.43,21.52,8.29,5.27,94.51
2020-09-11,23.44,21.23,10.29,5.73,94.65
2020-09-12,22.6,20.64,6.5,4.37,94.88
2020-09-13,22.05,19.97,4.42,3.56,94.9
2020-09-14,22.8,20.1,2.48,4.59,94.81
2020-09-15,23.6,21.36,2.87,4.53,94.77
2020-09-16,24.04,21.64,2.13,4.13,94.79
2020-09-17,23.92,21.91,4.99,4.19,94.82
2020-09-18,23.86,21.35,6.11,5.09,94.73
2020-09-19,23.41,20.86,11.88,6.11,94.57
2020-09-20,23.13,20.99,13.8,7.32,94.54
2020-09-21,23.05,20.8,6.41,6.64,94.58
2020-09-22,22.56,19.95,2.78,5.42,94.71
2020-09-23,23.05,20.85,1.29,3.97,94.79
2020-09-24,23.39,21.26,1.15,2.77,94.94
2020-09-25,23.11,20.92,4.64,2.71,94.92
2020-09-26,22.04,20.03,0.97,2.56,94.92
2020-09-27,23.57,20.85,4.11,2.46,94.91
2020-09-28,23.91,21.18,1.7,2.88,94.87
2020-09-29,23.67,21.57,12.39,3.92,94.77
2020-09-30,23.09,21.05,3.35,3.77,94.75
2020-10-01,22.85,20.74,0.04,3.2,94.79
2020-10-02,23.25,20.77,1.16,3.0,94.79
2020-10-03,23.51,20.85,1.58,3.55,94.85
2020-10-04,23.74,20.77,0.03,3.26,94.93
2020-10-05,23.77,20.36,0.02,2.91,94.84
2020-10-06,24.73,21.66,1.59,2.52,94.78
2020-10-07,24.32,22.26,4.95,2.77,94.82
2020-10-08,24.59,22.34,5.77,1.7,94.79
2020-10-09,23.41,22.26,17.9,2.61,94.79
2020-10-10,23.04,21.28,5.31,2.76,94.81
2020-10-11,22.38,20.32,4.15,4.0,94.68
2020-10-12,23.06,21.11,6.03,4.85,94.51
2020-10-13,23.19,21.09,3.27,6.01,94.45
2020-10-14,23.36,20.85,2.1,5.42,94.56
2020-10-15,23.34,20.94,1.38,4.14,94.58
2020-10-16,23.73,21.62,2.27,3.38,94.57
2020-10-17,23.54,21.21,2.11,2.55,94.68
2020-10-18,23.55,20.87,1.82,2.26,94.75
2020-10-19,23.81,21.29,6.84,2.42,94.72
2020-10-20,22.95,21.45,7.71,2.82,94.7
2020-10-21,23.54,21.3,2.44,3.56,94.74
2020-10-22,23.69,21.53,1.91,3.59,94.72
2020-10-23,23.54,21.23,0.04,3.64,94.76
2020-10-24,22.75,18.98,0.02,2.8,94.9
2020-10-25,22.86,19.56,57.95,2.04,94.98
2020-10-26,24.39,20.78,27.2,1.08,94.97
2020-10-27,24.58,21.12,0.21,1.03,94.94
2020-10-28,24.7,20.62,0.16,1.3,94.99
2020-10-29,24.4,20.75,0.74,1.27,95.01
2020-10-30,24.63,20.76,1.49,1.0,94.98
2020-10-31,24.73,20.54,0.35,0.91,94.99
2020-11-01,24.75,20.9,2.5,1.01,95.06
2020-11-02,24.87,21.57,11.46,0.58,95.12
2020-11-03,24.57,21.37,4.45,1.83,95.1
2020-11-04,24.85,21.47,5.65,1.29,95.06
2020-11-05,24.63,21.53,12.94,2.04,95.08
2020-11-06,23.51,20.87,5.83,2.79,95.18
2020-11-07,23.91,21.16,1.17,3.1,95.21
2020-11-08,23.72,21.64,4.09,3.08,95.24
2020-11-09,24.24,20.36,0.08,2.17,95.11
2020-11-10,22.33,17.73,0.0,2.76,94.96
2020-11-11,22.62,18.55,2.33,2.33,94.95
2020-11-12,23.31,21.94,9.72,2.81,95.0
2020-11-13,23.44,21.37,7.63,3.13,95.03
2020-11-14,23.96,21.5,1.32,3.55,94.93
2020-11-15,23.86,21.94,4.56,3.5,94.87
2020-11-16,23.16,21.78,22.39,3.82,94.97
2020-11-17,22.93,21.31,28.91,4.18,94.93
2020-11-18,22.99,21.28,14.2,2.74,94.99
2020-11-19,23.14,21.12,2.57,3.0,95.03
2020-11-20,22.65,20.6,0.94,3.0,95.08
2020-11-21,21.88,18.47,0.08,2.43,95.14
2020-11-22,20.63,16.32,0.0,2.38,95.18
2020-11-23,21.64,17.15,0.0,2.24,95.16
2020-11-24,22.47,18.21,0.0,2.09,95.01
2020-11-25,23.44,20.76,2.84,1.98,94.86
2020-11-26,22.85,21.07,4.25,3.39,94.77
2020-11-27,22.79,20.23,3.72,1.46,94.95
2020-11-28,21.88,20.34,3.05,2.67,95.14
2020-11-29,22.66,20.66,1.86,3.02,95.18
2020-11-30,22.79,20.29,0.31,3.28,95.18
2020-12-01,21.66,17.74,0.0,3.25,95.2
2020-12-02,22.79,19.05,2.11,2.49,95.04
2020-12-03,22.13,20.57,8.69,2.44,94.91
2020-12-04,22.27,20.7,7.61,4.19,94.76
2020-12-05,22.07,20.27,2.46,3.27,94.87
2020-12-06,22.82,20.92,16.09,3.39,95.0
2020-12-07,22.7,21.29,7.64,3.8,95.13
2020-12-08,22.92,21.29,7.75,3.77,95.23
2020-12-09,22.81,20.69,1.43,2.98,95.17
2020-12-10,21.76,19.2,0.78,2.98,95.19
2020-12-11,21.27,18.15,0.3,2.61,95.19
2020-12-12,20.78,17.4,0.18,2.39,95.16
2020-12-13,20.64,17.52,0.01,2.44,95.09
2020-12-14,20.19,16.68,0.0,2.61,95.09
2020-12-15,20.54,17.28,0.17,2.93,95.17
2020-12-16,21.93,19.49,2.96,2.72,95.19
2020-12-17,22.04,20.34,2.3,3.38,95.17
2020-12-18,22.03,19.34,1.04,3.42,95.16
2020-12-19,21.39,18.6,0.07,4.01,95.22
2020-12-20,21.17,18.05,0.0,3.84,95.25
2020-12-21,19.88,16.75,0.0,3.78,95.17
2020-12-22,20.63,17.39,0.0,2.89,95.12
2020-12-23,21.72,18.75,0.0,2.36,95.06
2020-12-24,22.39,19.21,0.0,2.96,94.97
2020-12-25,21.51,18.07,0.0,3.08,95.04
2020-12-26,20.94,17.04,0.0,3.15,95.12
2020-12-27,20.64,15.76,0.0,2.68,95.08
2020-12-28,21.15,16.32,0.0,2.44,95.05
2020-12-29,21.75,17.54,0.4,2.77,95.02
2020-12-30,23.0,20.12,2.12,3.52,94.99
2020-12-31,22.89,20.47,6.61,4.58,95.05
2021-01-01,21.32,17.44,0.64,4.18,95.12
2021-01-02,21.63,18.44,0.24,3.48,95.1
2021-01-03,22.48,20.05,4.41,3.41,94.99
2021-01-04,22.58,20.31,4.9,3.95,94.99
2021-01-05,22.47,20.1,1.96,3.1,95.04
2021-01-06,22.19,20.07,16.35,1.76,95.01
2021-01-07,22.44,21.0,29.69,2.61,94.84
2021-01-08,23.22,21.56,11.12,1.95,94.79
2021-01-09,23.1,21.36,8.05,3.12,94.87
2021-01-10,22.1,20.37,1.39,2.49,94.96
2021-01-11,22.07,20.19,2.58,3.03,95.06
2021-01-12,21.4,19.98,8.22,4.31,95.02
2021-01-13,21.54,19.96,12.69,4.7,95.0
2021-01-14,22.01,20.14,7.45,4.17,94.99
2021-01-15,21.85,20.01,2.93,3.56,95.0
2021-01-16,22.43,20.25,0.57,3.24,94.94
2021-01-17,21.67,18.51,0.07,2.95,95.01
2021-01-18,20.66,17.15,0.0,3.3,95.11
2021-01-19,20.82,17.18,0.0,2.76,95.1
2021-01-20,22.01,18.26,0.0,1.92,95.13
2021-01-21,22.99,20.41,0.23,1.88,95.09
2021-01-22,23.27,20.68,1.92,2.41,95.05
2021-01-23,22.82,19.82,0.91,2.62,95.1
2021-01-24,22.38,18.68,0.0,2.55,95.15
2021-01-25,21.12,17.46,0.0,3.07,95.22
2021-01-26,20.76,16.37,0.0,3.02,95.17
2021-01-27,20.04,14.71,0.0,2.88,95.19
2021-01-28,20.55,16.04,0.0,3.13,95.19
2021-01-29,21.82,17.91,0.0,2.76,95.22
2021-01-30,22.73,18.01,0.04,2.78,95.16
2021-01-31,22.0,16.83,0.2,3.11,95.2
2021-02-01,21.66,15.69,0.18,3.32,95.3
2021-02-02,21.74,15.89,0.0,3.41,95.32
2021-02-03,22.19,17.77,0.06,3.5,95.28
2021-02-04,22.15,15.92,0.03,3.23,95.28
2021-02-05,22.13,15.95,0.0,2.78,95.18
2021-02-06,21.73,15.17,0.0,3.17,95.12
2021-02-07,21.22,12.05,0.0,3.21,95.12
2021-02-08,21.04,12.52,0.0,3.58,95.19
2021-02-09,21.17,13.47,0.0,3.45,95.14
2021-02-10,20.56,11.47,0.0,3.25,95.1
2021-02-11,20.56,12.16,0.0,3.0,95.05
2021-02-12,20.77,12.98,0.0,3.06,95.12
2021-02-13,21.61,14.01,0.0,2.56,95.2
2021-02-14,22.84,14.2,0.0,1.97,95.2
2021-02-15,23.76,15.68,0.0,1.67,95.08
2021-02-16,24.45,17.74,0.0,1.67,95.06
2021-02-17,24.57,17.9,0.0,2.15,95.01
2021-02-18,23.33,17.55,0.17,2.89,95.14
2021-02-19,23.99,16.3,0.91,2.24,95.13
2021-02-20,24.14,19.1,7.26,2.73,95.05
2021-02-21,24.06,19.68,7.63,2.48,95.11
2021-02-22,24.17,18.4,3.74,3.16,95.23
2021-02-23,24.6,17.83,0.99,2.81,95.12
2021-02-24,24.5,16.02,0.0,2.64,95.07
2021-02-25,25.23,16.38,0.0,2.08,95.05
2021-02-26,26.53,16.58,0.0,1.67,94.93
2021-02-27,26.91,16.22,0.0,1.61,94.86
2021-02-28,25.22,13.26,0.0,2.83,94.93
2021-03-01,24.52,13.61,0.0,2.47,95.2
2021-03-02,24.73,13.87,0.0,2.91,95.2
2021-03-03,24.02,13.69,0.0,3.63,95.1
2021-03-04,23.4,13.76,0.0,3.31,95.1
2021-03-05,24.4,12.75,0.0,2.6,95.22
2021-03-06,25.59,14.77,0.0,2.1,95.2
2021-03-07,25.87,14.65,0.0,2.47,95.1
2021-03-08,26.07,15.65,0.0,2.62,95.12
2021-03-09,26.28,16.88,0.06,3.04,95.18
2021-03-10,26.38,17.36,5.86,2.7,95.18
2021-03-11,24.61,19.94,13.84,2.15,95.21
2021-03-12,25.16,17.16,2.28,2.82,95.24
2021-03-13,24.95,15.44,0.0,2.91,95.21
2021-03-14,25.66,16.1,0.0,2.98,95.07
2021-03-15,25.93,16.01,0.0,2.63,95.01
2021-03-16,26.24,15.4,0.0,2.23,95.01
2021-03-17,25.89,14.84,0.0,2.93,94.95
2021-03-18,25.94,14.48,0.0,3.11,94.98
2021-03-19,24.74,13.71,0.02,2.63,94.96
2021-03-20,26.48,15.4,0.09,1.66,94.84
2021-03-21,26.79,15.92,2.95,2.25,94.82
2021-03-22,26.22,15.5,1.56,2.5,94.95
2021-03-23,26.89,15.67,0.08,2.76,95.0
2021-03-24,27.48,17.2,0.07,2.39,95.0
2021-03-25,26.5,18.35,2.45,1.85,94.98
2021-03-26,27.15,16.92,0.05,3.23,94.89
2021-03-27,27.86,16.95,0.02,2.59,94.86
2021-03-28,27.72,18.59,0.74,1.75,94.84
2021-03-29,27.87,18.64,0.6,2.26,94.83
2021-03-30,28.58,19.29,0.93,2.48,94.73
2021-03-31,29.08,19.94,0.22,3.55,94.63
2021-04-01,29.14,19.14,0.51,3.3,94.59
2021-04-02,28.18,17.44,0.07,3.46,94.66
2021-04-03,27.79,18.04,0.13,4.04,94.74
2021-04-04,29.07,17.32,1.1,2.75,94.79
2021-04-05,30.13,17.58,0.67,1.78,94.8
2021-04-06,30.01,17.4,0.45,2.37,94.92
2021-04-07,29.64,14.97,0.12,2.71,95.01
2021-04-08,29.04,14.68,0.14,2.0,94.86
2021-04-09,29.1,14.79,0.01,2.64,94.78
2021-04-10,28.93,15.69,0.03,2.77,94.88
2021-04-11,29.42,17.56,0.6,1.6,95.01
2021-04-12,28.24,19.83,5.52,1.85,95.09
2021-04-13,26.97,20.18,2.83,1.76,95.07
2021-04-14,26.86,20.87,9.58,0.86,95.01
2021-04-15,25.78,21.48,10.67,1.74,95.0
2021-04-16,25.04,21.29,3.51,1.67,94.98
2021-04-17,25.85,21.27,1.1,1.23,95.0
2021-04-18,26.12,21.12,0.87,1.59,95.11
2021-04-19,25.87,21.33,2.74,2.08,94.96
2021-04-20,24.72,21.98,2.58,1.57,94.88
2021-04-21,26.2,21.38,2.32,1.66,94.97
2021-04-22,27.12,20.82,0.25,1.9,94.96
2021-04-23,27.12,20.82,4.25,1.45,94.95
2021-04-24,27.49,21.11,3.46,0.96,94.89
2021-04-25,27.12,21.32,3.11,1.48,94.88
2021-04-26,26.76,21.28,0.77,0.79,94.86
2021-04-27,26.35,20.93,0.12,1.02,94.92
2021-04-28,27.8,20.07,0.05,1.56,94.96
2021-04-29,27.38,21.21,0.21,1.76,94.91
2021-04-30,27.37,21.5,1.35,1.28,94.79
2021-05-01,27.57,21.45,1.35,1.84,94.81
2021-05-02,27.12,21.28,3.51,1.53,94.83
2021-05-03,26.84,21.62,7.78,1.98,94.79
2021-05-04,27.16,21.4,5.21,1.28,94.75
2021-05-05,27.77,20.87,1.31,1.74,94.77
2021-05-06,28.57,20.96,2.79,1.96,94.81
2021-05-07,28.04,21.53,11.08,1.85,94.9
2021-05-08,26.6,21.34,1.05,2.32,94.86
2021-05-09,27.96,21.78,0.77,1.52,94.74
2021-05-10,26.75,22.93,1.78,1.83,94.75
2021-05-11,26.7,22.26,2.72,2.34,94.77
2021-05-12,26.53,22.51,3.15,2.43,94.69
2021-05-13,26.86,22.0,12.32,3.31,94.63
2021-05-14,25.48,21.51,22.13,3.8,94.54
2021-05-15,24.38,22.61,17.55,4.38,94.38
2021-05-16,24.91,22.03,10.41,4.49,94.54
2021-05-17,25.18,22.06,6.99,3.24,94.72
2021-05-18,25.03,22.66,3.92,3.03,94.78
2021-05-19,25.24,23.02,26.16,3.2,94.73
2021-05-20,24.31,22.22,17.71,2.84,94.81
2021-05-21,23.44,20.99,0.4,2.71,94.9
2021-05-22,24.14,21.54,4.06,3.6,94.82
2021-05-23,24.98,21.47,2.67,3.82,94.83
2021-05-24,24.48,21.94,0.26,3.14,94.87
2021-05-25,24.44,21.1,7.11,4.95,94.8
2021-05-26,23.36,20.55,7.94,5.21,94.78
2021-05-27,24.52,21.32,0.92,4.58,94.78
2021-05-28,25.11,21.5,0.42,3.84,94.83
2021-05-29,24.65,21.19,1.38,3.63,94.9
2021-05-30,24.21,20.71,1.13,4.11,94.87
2021-05-31,24.85,21.38,4.17,4.27,94.71
2021-06-01,25.14,21.87,1.87,4.03,94.7
2021-06-02,25.94,22.2,1.7,3.21,94.69
2021-06-03,24.89,23.26,9.2,2.06,94.74
2021-06-04,25.01,22.93,8.16,2.45,94.84
2021-06-05,24.16,21.03,9.57,2.8,94.88
2021-06-06,24.48,21.36,4.07,2.87,94.83
2021-06-07,25.19,21.34,0.46,2.98,94.86
2021-06-08,25.14,21.38,4.36,3.51,94.83
2021-06-09,24.73,21.78,2.34,3.79,94.77
2021-06-10,24.98,21.53,1.13,4.24,94.66
2021-06-11,24.53,21.48,1.55,4.0,94.73
2021-06-12,24.44,21.34,5.29,5.17,94.75
2021-06-13,24.0,20.66,10.67,5.54,94.72
2021-06-14,23.08,19.4,3.78,6.36,94.71
2021-06-15,24.3,21.35,8.89,5.92,94.61
2021-06-16,24.86,22.12,9.88,5.92,94.71
2021-06-17,24.25,21.84,6.32,5.66,94.82
2021-06-18,23.88,21.31,2.41,5.22,94.91
2021-06-19,23.97,21.13,1.02,4.67,95.03
2021-06-20,24.48,21.72,1.41,3.7,95.01
2021-06-21,24.56,21.83,2.45,3.1,94.93
2021-06-22,24.21,21.47,2.58,2.87,94.86
2021-06-23,24.78,21.97,3.34,2.56,94.82
2021-06-24,24.41,21.29,0.74,3.45,94.89
2021-06-25,24.48,20.73,0.15,3.25,94.8
2021-06-26,24.07,21.14,3.78,3.69,94.77
2021-06-27,24.02,18.96,5.63,3.2,94.85
2021-06-28,23.23,19.68,1.95,2.82,94.8
2021-06-29,24.36,21.07,6.99,2.55,94.74
2021-06-30,25.29,21.81,1.38,2.77,94.72
2021-07-01,25.1,22.6,9.29,2.8,94.65
2021-07-02,24.65,22.06,3.53,3.26,94.73
2021-07-03,24.15,21.89,2.52,2.85,94.78
2021-07-04,23.88,21.03,19.76,1.76,94.77
2021-07-05,24.28,21.11,2.51,2.81,94.69
2021-07-06,24.6,21.9,4.39,2.18,94.54
2021-07-07,24.83,21.85,6.0,3.07,94.57
2021-07-08,24.78,22.03,3.79,3.31,94.63
2021-07-09,23.62,21.74,6.08,4.97,94.55
2021-07-10,23.11,20.29,10.24,7.29,94.5
2021-07-11,23.22,20.0,2.47,6.4,94.52
2021-07-12,23.46,20.99,4.1,6.19,94.54
2021-07-13,23.77,20.94,5.39,6.63,94.56
2021-07-14,23.57,20.59,12.54,5.87,94.61
2021-07-15,23.76,20.89,7.99,5.54,94.62
2021-07-16,24.12,21.43,12.61,4.78,94.76
2021-07-17,23.99,21.45,5.62,3.81,94.79
2021-07-18,23.79,21.65,6.13,4.64,94.7
2021-07-19,23.6,21.44,1.69,4.85,94.74
2021-07-20,24.2,21.34,2.58,5.56,94.92
2021-07-21,23.92,21.28,7.18,5.58,94.88
2021-07-22,23.73,21.37,14.7,7.22,94.65
2021-07-23,23.79,21.43,12.68,7.26,94.57
2021-07-24,23.74,21.5,6.55,5.72,94.71
2021-07-25,23.35,20.66,4.32,5.25,94.86
2021-07-26,24.17,21.38,5.01,4.52,94.83
2021-07-27,23.95,21.49,3.39,4.62,94.78
2021-07-28,23.99,21.21,2.52,4.56,94.83
2021-07-29,24.04,21.38,1.4,4.47,94.85
2021-07-30,23.86,21.23,1.18,4.41,94.94
2021-07-31,24.16,21.34,0.98,4.23,94.98
2021-08-01,24.16,21.08,0.42,4.18,94.89
2021-08-02,23.79,20.82,1.96,4.67,94.92
2021-08-03,23.72,20.86,1.47,4.44,95.05
2021-08-04,23.87,21.2,1.57,4.93,95.09
2021-08-05,23.98,21.11,4.55,4.99,94.92
2021-08-06,24.58,21.85,5.29,5.21,94.81
2021-08-07,24.37,21.93,9.31,4.76,94.86
2021-08-08,23.94,21.44,3.85,3.74,94.9
2021-08-09,23.59,20.76,4.13,3.69,94.94
2021-08-10,22.52,20.2,1.76,4.05,94.89
2021-08-11,23.35,20.65,3.64,4.16,94.85
2021-08-12,23.23,20.42,2.1,4.36,94.92
2021-08-13,23.87,21.0,8.34,3.59,94.83
2021-08-14,23.86,21.08,2.29,3.98,94.72
2021-08-15,23.8,20.92,0.44,4.14,94.76
2021-08-16,23.9,20.47,0.28,4.1,94.85
2021-08-17,23.56,20.74,4.39,3.92,94.9
2021-08-18,22.65,19.73,7.17,4.17,94.84
2021-08-19,22.87,19.15,1.97,4.45,94.77
2021-08-20,24.1,19.84,1.16,2.77,94.76
2021-08-21,24.48,19.99,6.31,1.7,94.86
2021-08-22,24.28,20.5,10.38,1.48,94.84
2021-08-23,23.6,20.57,13.48,2.36,94.86
2021-08-24,24.03,20.73,1.7,3.0,94.86
2021-08-25,24.27,21.14,4.95,3.23,94.76
2021-08-26,24.12,22.18,10.64,3.63,94.61
2021-08-27,23.93,22.2,10.5,4.04,94.58
2021-08-28,23.6,21.57,10.27,3.93,94.51
2021-08-29,23.44,21.3,7.14,4.88,94.51
2021-08-30,23.42,20.91,3.34,4.17,94.62
2021-08-31,24.42,21.3,0.65,3.43,94.66
2021-09-01,23.99,21.29,1.23,2.85,94.82
2021-09-02,23.19,21.17,14.57,2.72,94.82
2021-09-03,23.88,20.61,10.0,2.89,94.75
2021-09-04,23.75,21.3,3.42,3.94,94.75
2021-09-05,23.89,20.35,6.38,4.91,94.78
2021-09-06,22.85,20.22,6.95,5.11,94.76
2021-09-07,23.57,20.98,5.93,4.64,94.78
2021-09-08,23.75,21.35,6.91,4.81,94.85
2021-09-09,24.06,21.29,1.02,3.48,94.93
2021-09-10,23.94,21.21,0.26,3.57,94.9
2021-09-11,23.41,21.48,6.56,4.24,94.82
2021-09-12,23.86,21.54,7.84,5.41,94.73
2021-09-13,23.45,21.57,4.44,5.82,94.65
2021-09-14,24.35,21.85,1.31,4.14,94.7
2021-09-15,24.03,21.85,7.64,3.37,94.8
2021-09-16,24.07,21.89,8.12,3.38,94.76
2021-09-17,24.37,21.56,4.79,2.61,94.7
2021-09-18,24.71,21.31,0.68,1.94,94.8
2021-09-19,23.77,21.45,4.96,1.88,94.98
2021-09-20,24.28,21.71,1.74,2.07,94.91
2021-09-21,24.21,21.29,0.34,2.81,94.81
2021-09-22,24.71,20.94,1.23,2.57,94.67
2021-09-23,24.73,21.55,5.19,2.64,94.71
2021-09-24,25.14,21.54,7.71,2.13,94.75
2021-09-25,24.77,21.88,7.78,3.08,94.72
2021-09-26,23.9,21.31,2.22,3.3,94.59
2021-09-27,23.79,21.18,8.34,5.17,94.5
2021-09-28,23.22,20.66,4.34,5.1,94.72
2021-09-29,23.41,19.71,0.83,3.24,94.83
2021-09-30,23.57,21.0,16.88,2.35,94.9
2021-10-01,24.55,21.98,5.87,1.39,94.82
2021-10-02,24.32,22.23,15.09,1.16,94.76
2021-10-03,24.71,22.05,13.12,2.01,94.75
2021-10-04,24.72,21.89,3.15,1.5,94.71
2021-10-05,24.81,22.09,6.38,0.97,94.68
2021-10-06,23.82,21.85,2.27,1.91,94.61
2021-10-07,24.45,21.6,0.39,2.51,94.66
2021-10-08,24.36,22.26,13.41,3.43,94.76
2021-10-09,24.01,22.36,5.89,3.87,94.88
2021-10-10,23.98,22.11,5.26,3.07,94.84
2021-10-11,23.33,21.54,26.01,3.99,94.74
2021-10-12,22.54,20.96,15.37,4.39,94.75
2021-10-13,22.92,21.07,2.48,3.2,94.7
2021-10-14,24.03,22.27,2.29,3.28,94.57
2021-10-15,24.41,22.36,1.81,2.49,94.34
2021-10-16,24.29,23.05,35.2,4.08,94.21
2021-10-17,24.02,22.42,7.57,5.01,94.5
2021-10-18,23.44,21.97,3.61,3.5,94.79
2021-10-19,23.83,21.51,1.46,1.76,94.98
2021-10-20,23.71,21.67,25.22,0.93,95.12
2021-10-21,23.53,21.69,21.29,1.49,95.13
2021-10-22,24.02,21.98,10.29,1.64,95.15
2021-10-23,24.54,20.99,12.27,0.74,95.23
2021-10-24,23.28,21.13,8.51,1.45,95.22
2021-10-25,23.63,21.39,6.17,1.17,95.02
2021-10-26,24.16,21.63,3.56,1.31,94.94
2021-10-27,23.68,21.75,5.05,1.69,94.95
2021-10-28,23.35,21.34,2.64,1.46,94.97
2021-10-29,22.68,20.76,1.15,2.0,95.06
2021-10-30,22.52,20.96,6.99,2.79,95.13
2021-10-31,23.11,21.2,3.37,2.15,95.08
2021-11-01,22.67,21.23,15.93,2.39,94.97
2021-11-02,22.5,21.51,21.13,3.57,94.92
2021-11-03,22.87,21.74,3.49,2.52,94.97
2021-11-04,23.13,21.77,17.38,1.83,94.98
2021-11-05,23.04,21.6,6.54,1.52,94.96
2021-11-06,23.53,20.71,4.89,1.4,94.88
2021-11-07,22.92,20.87,14.72,1.96,94.83
2021-11-08,22.61,21.25,4.28,1.54,94.94
2021-11-09,22.52,20.4,2.77,1.23,94.99
2021-11-10,22.23,20.31,3.15,1.39,94.9
2021-11-11,22.47,20.58,1.68,2.32,94.67
2021-11-12,22.82,21.33,13.04,3.44,94.63
2021-11-13,23.52,21.71,4.86,2.34,94.73
2021-11-14,22.74,21.77,6.82,2.31,94.78
2021-11-15,23.27,22.27,12.96,2.26,94.67
2021-11-16,23.39,22.16,3.07,1.94,94.66
2021-11-17,23.7,21.46,26.36,0.82,94.87
2021-11-18,23.31,21.4,8.88,1.91,94.72
2021-11-19,22.57,21.73,6.17,4.55,94.37
2021-11-20,22.96,21.87,2.42,3.77,94.56
2021-11-21,23.5,20.63,0.31,1.29,94.88
2021-11-22,23.28,21.22,6.95,1.84,94.98
2021-11-23,23.09,21.62,10.98,2.04,94.96
2021-11-24,22.75,20.84,1.39,2.21,94.97
2021-11-25,21.92,20.18,16.6,2.98,94.96
2021-11-26,22.07,20.67,5.61,3.14,94.94
2021-11-27,21.94,20.71,1.88,2.88,94.97
2021-11-28,22.45,21.23,4.58,3.56,94.97
2021-11-29,21.89,20.55,17.36,4.44,95.06
2021-11-30,22.23,21.01,11.03,3.56,95.06
2021-12-01,23.42,21.63,4.1,2.46,95.03
2021-12-02,23.74,22.09,1.96,2.33,95.0
2021-12-03,23.58,21.28,2.3,1.4,95.08
2021-12-04,23.54,21.68,6.22,0.97,95.09
2021-12-05,24.04,21.62,8.62,1.39,95.06
2021-12-06,23.23,21.93,0.29,1.54,95.02
2021-12-07,23.48,21.69,0.44,1.93,95.04
2021-12-08,22.43,20.29,0.15,2.79,95.11
2021-12-09,22.92,20.93,2.32,2.84,95.17
2021-12-10,21.73,19.59,0.51,3.68,95.25
2021-12-11,22.15,20.54,1.67,3.45,95.2
2021-12-12,22.26,20.5,0.41,4.23,95.2
2021-12-13,21.87,20.23,0.08,3.4,95.13
2021-12-14,21.98,20.21,1.47,4.17,95.08
2021-12-15,21.82,19.95,0.77,3.56,95.13
2021-12-16,21.47,19.09,0.01,2.99,95.23
2021-12-17,21.22,18.7,0.0,2.57,95.29
2021-12-18,20.48,17.86,0.0,2.79,95.22
2021-12-19,19.39,16.34,0.0,2.97,95.33
2021-12-20,18.82,16.36,0.0,3.01,95.33
2021-12-21,19.85,16.94,0.0,2.23,95.37
2021-12-22,19.38,16.6,0.0,2.35,95.27
2021-12-23,19.31,16.2,0.0,2.29,95.2
2021-12-24,18.92,15.23,0.0,2.4,95.23
2021-12-25,19.41,16.43,0.0,2.49,95.25
2021-12-26,19.55,17.17,0.0,2.69,95.37
2021-12-27,19.83,17.65,0.0,2.91,95.38
2021-12-28,19.88,17.4,0.0,2.95,95.31
2021-12-29,20.0,17.55,0.0,2.83,95.23
2021-12-30,20.83,18.74,1.6,3.1,95.29
2021-12-31,22.31,20.39,4.73,4.42,95.32
2022-01-01,22.52,20.71,11.09,4.44,95.35
2022-01-02,21.82,19.77,1.93,4.27,95.28
2022-01-03,21.09,18.26,0.02,3.46,95.28
2022-01-04,21.31,18.92,0.0,3.08,95.29
2022-01-05,21.26,18.59,0.0,2.2,95.29
2022-01-06,20.95,18.56,0.0,2.71,95.22
2022-01-07,21.74,19.4,0.04,2.6,95.24
2022-01-08,21.77,19.52,0.08,2.87,95.26
2022-01-09,21.75,19.22,0.0,2.56,95.15
2022-01-10,21.33,18.22,0.0,2.3,95.13
2022-01-11,22.03,19.08,0.0,2.3,95.14
2022-01-12,22.74,19.41,0.0,1.33,95.08
2022-01-13,23.22,19.57,0.0,1.26,95.03
2022-01-14,23.36,19.31,0.0,1.34,95.01
2022-01-15,23.48,19.55,0.13,1.3,95.08
2022-01-16,22.75,19.95,3.95,2.96,95.21
2022-01-17,22.52,19.33,1.42,3.32,95.36
2022-01-18,21.77,18.23,0.01,3.27,95.32
2022-01-19,22.02,17.88,0.0,2.65,95.17
2022-01-20,22.32,15.93,0.0,1.45,95.05
2022-01-21,23.11,17.16,0.0,1.1,95.07
2022-01-22,23.51,18.72,0.0,2.05,94.93
2022-01-23,22.47,17.6,0.0,2.29,94.91
2022-01-24,22.17,15.92,0.0,1.6,94.86
2022-01-25,21.89,17.44,0.0,1.1,94.87
2022-01-26,22.8,18.91,0.37,0.91,94.9
2022-01-27,22.69,18.25,3.53,2.81,94.95
2022-01-28,22.47,17.9,0.9,4.22,95.07
2022-01-29,22.91,18.59,0.04,3.7,95.16
2022-01-30,24.04,19.35,0.0,2.25,95.1
2022-01-31,24.26,18.98,0.0,2.17,95.03
2022-02-01,24.16,19.2,0.03,2.32,94.98
2022-02-02,23.08,17.38,0.05,2.4,95.07
2022-02-03,22.72,16.37,0.0,1.63,95.06
2022-02-04,23.59,17.29,0.0,2.27,94.9
2022-02-05,23.98,17.44,0.0,1.09,94.94
2022-02-06,23.91,18.29,0.0,2.55,95.19
2022-02-07,23.64,18.03,0.0,2.3,95.23
2022-02-08,23.49,17.21,0.0,2.27,95.11
2022-02-09,22.68,15.57,0.01,3.05,95.09
2022-02-10,22.36,11.78,0.0,2.86,95.04
2022-02-11,23.18,15.4,0.33,3.54,95.01
2022-02-12,22.67,17.84,1.44,3.14,95.01
2022-02-13,23.38,16.99,0.11,3.09,94.91
2022-02-14,23.66,17.01,0.04,2.97,94.93
2022-02-15,24.0,17.42,0.17,2.3,94.92
2022-02-16,24.14,17.24,0.16,1.75,94.78
2022-02-17,24.44,16.14,0.02,1.98,94.69
2022-02-18,24.15,16.1,0.0,3.02,94.84
2022-02-19,24.25,15.8,0.0,3.47,95.06
2022-02-20,25.36,16.7,0.0,2.03,95.0
2022-02-21,26.59,18.08,0.0,0.9,94.9
2022-02-22,26.58,17.99,0.0,1.98,95.0
2022-02-23,24.75,15.25,0.04,3.59,95.25
2022-02-24,23.91,13.72,0.16,3.2,95.32
2022-02-25,24.42,13.36,0.0,3.2,95.22
2022-02-26,23.85,13.03,0.0,3.1,95.21
2022-02-27,25.43,16.14,0.12,3.42,95.2
2022-02-28,24.42,13.18,0.03,3.37,95.2
2022-03-01,24.69,12.74,0.0,3.26,95.18
2022-03-02,24.15,10.05,0.0,3.56,95.13
2022-03-03,23.97,10.55,0.0,3.76,95.08
2022-03-04,25.43,9.37,0.0,2.94,95.04
2022-03-05,26.37,15.18,0.0,2.71,94.99
2022-03-06,26.78,15.9,0.09,3.16,94.95
2022-03-07,25.24,16.38,0.99,3.21,94.99
2022-03-08,26.06,17.84,1.33,2.66,95.03
2022-03-09,26.89,14.73,0.22,2.68,94.97
2022-03-10,26.37,11.93,0.0,2.86,94.94
2022-03-11,26.37,10.76,0.0,3.35,94.9
2022-03-12,26.21,9.23,0.0,3.35,94.84
2022-03-13,26.1,10.77,0.0,3.92,94.88
2022-03-14,27.03,11.28,0.0,3.11,94.92
2022-03-15,27.86,13.16,0.02,1.97,94.84
2022-03-16,28.68,16.37,0.3,1.62,94.74
2022-03-17,28.86,14.25,0.07,1.96,94.73
2022-03-18,29.0,15.03,0.18,1.84,94.72
2022-03-19,27.99,17.95,0.45,3.06,94.72
2022-03-20,27.27,18.79,1.04,3.49,94.72
2022-03-21,27.5,18.7,3.49,3.04,94.77
2022-03-22,27.73,19.81,2.79,2.19,94.77
2022-03-23,27.53,20.81,17.81,1.47,94.73
2022-03-24,27.03,20.68,5.56,1.41,94.76
2022-03-25,27.07,20.51,3.78,1.36,94.82
2022-03-26,27.54,20.98,2.76,1.26,95.0
2022-03-27,27.86,20.55,1.02,1.14,95.02
2022-03-28,28.35,20.23,0.45,2.11,95.0
2022-03-29,28.27,20.82,0.86,1.65,94.89
2022-03-30,28.45,20.63,1.63,1.72,94.86
2022-03-31,28.63,19.74,0.2,1.68,94.89
2022-04-01,28.03,20.11,0.67,1.98,94.9
2022-04-02,28.04,19.81,1.08,1.66,94.97
2022-04-03,28.16,19.43,0.98,1.8,94.89
2022-04-04,28.32,18.36,0.12,2.58,94.96
2022-04-05,28.23,17.74,0.23,2.33,95.12
2022-04-06,27.63,18.91,3.89,1.55,95.14
2022-04-07,28.89,19.12,0.56,1.6,95.0
2022-04-08,27.79,20.68,9.91,1.01,94.95
2022-04-09,26.76,21.29,9.82,1.16,94.89
2022-04-10,26.76,20.34,1.87,1.94,94.85
2022-04-11,27.54,20.35,3.98,1.56,94.76
2022-04-12,27.33,20.79,8.64,0.99,94.69
2022-04-13,26.53,21.35,12.15,1.78,94.67
2022-04-14,25.02,20.36,16.84,1.47,94.77
2022-04-15,26.89,20.22,1.64,1.97,94.71
2022-04-16,26.6,21.76,3.32,2.8,94.67
2022-04-17,26.83,22.01,7.18,2.49,94.73
2022-04-18,26.39,21.12,2.48,2.54,94.89
2022-04-19,25.93,21.03,1.41,1.76,95.01
2022-04-20,28.01,20.11,0.0,1.38,94.8
2022-04-21,27.45,21.45,0.0,1.63,94.74
2022-04-22,26.85,21.34,1.71,1.73,94.83
2022-04-23,25.95,20.98,21.38,1.82,94.93
2022-04-24,27.63,19.89,0.4,1.92,94.78
2022-04-25,27.72,19.66,0.1,1.19,94.74
2022-04-26,28.35,20.73,0.0,1.48,94.75
2022-04-27,27.95,20.69,0.01,1.59,94.75
2022-04-28,27.95,21.26,0.15,1.49,94.82
2022-04-29,28.52,21.88,1.12,2.06,94.81
2022-04-30,28.2,21.67,0.57,2.56,94.73
2022-05-01,27.26,22.01,3.57,2.81,94.64
2022-05-02,27.51,21.56,2.58,3.23,94.62
2022-05-03,26.68,22.53,5.67,1.62,94.68
2022-05-04,28.12,21.43,3.6,2.05,94.74
2022-05-05,26.48,21.91,2.26,2.59,94.75
2022-05-06,26.51,19.18,0.18,1.83,94.72
2022-05-07,26.91,21.39,3.34,2.65,94.64
2022-05-08,27.5,21.66,4.03,2.25,94.48
2022-05-09,26.36,22.88,4.57,3.75,94.42
2022-05-10,26.02,21.68,3.69,4.69,94.43
2022-05-11,25.85,21.14,2.28,5.64,94.53
2022-05-12,25.0,20.9,4.21,4.98,94.6
2022-05-13,25.1,20.75,4.86,4.43,94.58
2022-05-14,24.21,21.5,13.48,4.22,94.63
2022-05-15,24.25,22.58,12.85,3.4,94.66
2022-05-16,24.55,22.54,7.02,3.8,94.58
2022-05-17,25.34,21.82,12.99,2.52,94.5
2022-05-18,25.01,22.08,10.05,3.76,94.49
2022-05-19,23.92,21.23,6.17,5.27,94.65
2022-05-20,24.35,20.92,4.39,4.66,94.79
2022-05-21,24.54,20.57,3.69,4.47,94.72
2022-05-22,24.91,21.16,0.87,4.69,94.63
2022-05-23,25.88,22.41,3.9,3.98,94.53
2022-05-24,26.59,22.57,3.77,2.88,94.73
2022-05-25,26.27,22.64,8.39,1.97,94.84
2022-05-26,24.6,21.81,5.36,3.27,94.93
2022-05-27,24.33,21.42,3.11,3.2,94.89
2022-05-28,24.5,21.9,2.32,3.52,94.81
2022-05-29,25.0,21.08,5.39,3.37,94.77
2022-05-30,25.26,21.13,3.1,3.52,94.72
2022-05-31,25.12,21.42,4.16,3.59,94.67
2022-06-01,24.68,21.78,5.42,4.0,94.64
2022-06-02,24.52,21.47,1.91,3.08,94.66
2022-06-03,24.71,21.03,0.25,3.43,94.64
2022-06-04,25.74,21.55,0.38,2.01,94.63
2022-06-05,25.32,22.06,6.58,2.78,94.65
2022-06-06,25.79,21.38,4.41,1.95,94.65
2022-06-07,24.95,22.18,1.33,2.77,94.71
2022-06-08,25.06,21.42,0.25,4.03,94.72
2022-06-09,25.31,21.17,0.94,3.89,94.68
2022-06-10,24.57,21.3,3.24,4.13,94.76
2022-06-11,24.74,20.44,2.84,4.09,94.82
2022-06-12,23.47,19.83,6.5,3.55,94.81
2022-06-13,24.34,20.61,5.32,3.33,94.85
2022-06-14,24.43,21.38,5.45,3.79,94.79
2022-06-15,24.34,21.22,4.19,2.92,94.72
2022-06-16,24.18,21.61,11.7,1.71,94.66
2022-06-17,23.08,20.28,15.71,2.35,94.71
2022-06-18,23.24,20.63,5.83,2.36,94.74
2022-06-19,23.79,21.2,5.24,2.76,94.75
2022-06-20,24.17,20.59,1.92,3.22,94.68
2022-06-21,24.28,21.16,2.04,3.52,94.59
2022-06-22,24.03,20.89,1.08,3.33,94.7
2022-06-23,24.08,20.36,1.89,3.25,94.78
2022-06-24,23.8,20.76,4.69,4.34,94.75
2022-06-25,23.8,20.54,4.3,5.49,94.58
2022-06-26,24.48,20.96,1.31,5.16,94.59
2022-06-27,24.79,21.33,2.44,4.43,94.72
2022-06-28,24.25,21.12,4.38,3.86,94.73
2022-06-29,24.28,21.36,2.22,3.97,94.6
2022-06-30,23.77,21.28,22.15,4.64,94.62
2022-07-01,24.25,21.21,4.23,4.56,94.61
2022-07-02,23.64,21.1,1.98,4.41,94.54
2022-07-03,23.54,20.78,3.88,5.37,94.58
2022-07-04,23.52,20.46,4.71,6.52,94.59
2022-07-05,22.85,20.14,8.42,6.54,94.55
2022-07-06,23.22,20.57,7.39,5.33,94.64
2022-07-07,22.81,19.95,10.69,5.39,94.85
2022-07-08,23.34,20.16,8.35,5.75,94.76
2022-07-09,22.63,20.41,6.91,5.69,94.61
2022-07-10,23.28,20.61,9.88,6.35,94.64
2022-07-11,23.17,20.5,6.72,6.21,94.83
2022-07-12,22.84,20.25,9.02,6.13,94.81
2022-07-13,23.1,20.52,9.56,7.0,94.61
2022-07-14,23.48,20.65,8.13,7.31,94.5
2022-07-15,23.79,21.05,9.15,5.86,94.58
2022-07-16,24.1,21.37,9.2,5.1,94.65
2022-07-17,24.22,21.06,9.38,4.9,94.73
2022-07-18,22.82,20.1,12.8,4.29,94.82
2022-07-19,23.81,20.86,3.42,3.0,94.77
2022-07-20,24.24,21.92,5.56,2.33,94.73
2022-07-21,24.24,21.73,12.88,2.94,94.72
2022-07-22,23.44,21.39,5.72,3.28,94.75
2022-07-23,23.28,20.72,1.78,3.84,94.73
2022-07-24,23.39,20.84,5.94,3.4,94.71
2022-07-25,24.46,20.96,2.75,2.66,94.76
2022-07-26,24.33,20.94,4.32,2.33,94.79
2022-07-27,24.2,21.56,12.95,0.87,94.74
2022-07-28,24.74,22.09,7.13,1.24,94.79
2022-07-29,25.45,21.54,19.51,1.64,94.78
2022-07-30,25.43,21.89,22.05,1.82,94.69
2022-07-31,23.93,21.34,11.95,2.53,94.56
2022-08-01,23.68,21.75,25.33,2.71,94.51
2022-08-02,23.24,21.4,12.85,3.37,94.43
2022-08-03,23.63,21.53,5.74,2.82,94.41
2022-08-04,22.83,21.8,30.57,5.64,94.43
2022-08-05,23.08,21.17,5.61,6.64,94.6
2022-08-06,23.08,20.99,8.28,6.41,94.55
2022-08-07,23.16,21.23,9.86,6.71,94.5
2022-08-08,23.18,21.45,10.6,6.54,94.47
2022-08-09,23.29,21.08,6.08,6.72,94.47
2022-08-10,22.91,20.6,2.07,6.3,94.5
2022-08-11,23.29,20.86,3.84,5.82,94.6
2022-08-12,23.07,20.6,1.47,4.68,94.73
2022-08-13,22.85,20.53,0.03,3.08,94.75
2022-08-14,23.48,20.17,0.02,3.72,94.8
2022-08-15,24.32,21.15,0.0,2.46,94.85
2022-08-16,24.89,21.58,0.0,1.65,94.81
2022-08-17,24.71,21.92,0.03,2.44,94.84
2022-08-18,24.23,21.71,5.76,2.52,94.79
2022-08-19,23.9,21.58,5.71,3.19,94.78
2022-08-20,23.42,20.91,0.41,3.04,94.82
2022-08-21,23.49,21.25,3.06,3.69,94.76
2022-08-22,23.82,21.51,8.28,4.66,94.75
2022-08-23,23.3,21.15,3.41,4.37,94.76
2022-08-24,23.07,20.91,4.19,3.72,94.83
2022-08-25,23.29,21.19,9.98,2.14,94.71
2022-08-26,22.82,21.17,25.36,3.34,94.64
2022-08-27,22.08,20.47,10.07,3.88,94.65
2022-08-28,23.05,20.84,8.18,2.61,94.65
2022-08-29,22.83,21.69,9.02,2.82,94.66
2022-08-30,23.57,21.93,37.5,1.33,94.7
2022-08-31,23.66,21.37,32.94,1.38,94.68
2022-09-01,23.52,21.21,8.33,1.04,94.68
2022-09-02,24.18,21.95,1.57,2.07,94.72
2022-09-03,24.65,22.12,1.74,1.98,94.74
2022-09-04,24.29,22.42,12.45,2.19,94.72
2022-09-05,24.48,22.61,20.19,2.25,94.68
2022-09-06,23.11,21.39,12.06,3.03,94.71
2022-09-07,22.73,21.48,14.53,4.22,94.72
2022-09-08,22.81,21.12,3.92,4.23,94.7
2022-09-09,23.01,21.44,8.19,4.26,94.68
2022-09-10,23.17,21.53,7.63,4.63,94.71
2022-09-11,23.1,21.49,7.37,4.88,94.67
2022-09-12,23.16,21.28,2.51,5.07,94.67
2022-09-13,23.26,21.35,3.2,3.9,94.86
2022-09-14,23.55,21.73,3.39,2.94,95.04
2022-09-15,23.48,21.19,0.13,3.02,95.08
2022-09-16,23.58,21.42,0.21,2.67,94.9
2022-09-17,23.62,21.53,0.56,2.63,94.88
2022-09-18,23.79,21.52,1.81,2.82,94.92
2022-09-19,23.43,21.55,0.48,3.36,94.89
2022-09-20,23.29,20.89,0.02,2.95,94.86
2022-09-21,23.55,21.12,0.0,3.2,94.85
2022-09-22,23.25,20.56,0.01,3.5,94.92
2022-09-23,23.25,20.67,0.01,3.08,94.96
2022-09-24,23.28,20.83,0.19,2.61,94.9
2022-09-25,24.21,20.84,3.43,2.24,94.76
2022-09-26,24.4,21.84,2.67,2.34,94.81
2022-09-27,23.71,20.85,0.0,2.25,94.78
2022-09-28,23.78,20.86,0.34,2.95,94.7
2022-09-29,23.1,20.93,0.17,2.6,94.71
2022-09-30,22.95,20.92,1.79,3.42,94.8
2022-10-01,22.1,19.36,1.17,3.53,94.84
2022-10-02,23.0,20.5,14.63,3.18,94.78
2022-10-03,23.49,21.25,5.28,3.3,94.75
2022-10-04,23.64,21.71,1.82,2.73,94.71
2022-10-05,22.91,21.13,2.36,3.37,94.69
2022-10-06,22.79,20.41,0.19,3.23,94.68
2022-10-07,22.93,20.01,0.08,2.77,94.75
2022-10-08,22.84,19.0,0.09,1.98,94.83
2022-10-09,23.62,21.47,10.53,1.6,94.85
2022-10-10,22.93,20.97,19.09,2.47,94.92
2022-10-11,24.06,21.08,6.83,1.35,94.9
2022-10-12,24.3,21.66,4.13,1.3,94.92
2022-10-13,24.18,22.0,5.59,1.34,94.89
2022-10-14,23.7,21.5,6.18,2.4,94.81
2022-10-15,22.95,21.05,6.88,1.23,94.72
2022-10-16,23.81,21.66,11.71,1.72,94.91
2022-10-17,24.05,22.18,4.53,1.79,95.03
2022-10-18,22.87,21.77,9.35,2.04,95.08
2022-10-19,23.34,20.83,5.32,1.59,95.01
2022-10-20,23.57,21.75,17.81,1.58,95.02
2022-10-21,23.8,21.47,9.43,1.59,95.14
2022-10-22,24.23,20.93,0.89,1.58,95.17
2022-10-23,24.15,21.49,1.67,1.44,95.09
2022-10-24,23.66,21.55,1.31,1.73,94.97
2022-10-25,23.85,20.59,0.05,1.45,94.99
2022-10-26,23.36,18.1,0.0,1.3,95.1
2022-10-27,22.8,17.43,0.0,1.68,95.09
2022-10-28,22.84,18.62,0.55,1.97,94.98
2022-10-29,23.43,20.63,1.86,2.17,94.96
2022-10-30,23.61,20.89,3.21,2.37,94.99
2022-10-31,23.57,20.8,0.75,1.81,94.98
2022-11-01,22.35,20.72,5.24,1.58,95.06
2022-11-02,22.43,20.37,4.91,1.64,95.02
2022-11-03,22.6,20.02,11.94,2.36,94.97
2022-11-04,22.8,20.52,8.32,3.24,95.11
2022-11-05,22.4,19.93,3.16,3.03,95.24
2022-11-06,22.63,20.69,5.93,2.52,95.28
2022-11-07,23.23,20.59,0.43,2.5,95.18
2022-11-08,23.58,20.74,0.55,2.63,95.14
2022-11-09,23.57,20.55,0.59,2.49,95.11
2022-11-10,23.77,20.05,2.48,2.09,95.04
2022-11-11,22.43,20.38,26.67,1.54,95.03
2022-11-12,22.04,20.82,30.24,2.54,94.99
2022-11-13,22.29,21.03,5.81,3.89,95.0
2022-11-14,22.15,20.29,5.6,2.5,95.19
2022-11-15,22.45,20.51,0.56,2.25,95.18
2022-11-16,23.13,20.74,0.31,1.4,95.04
2022-11-17,23.28,19.77,0.06,1.21,95.0
2022-11-18,21.32,15.93,0.0,2.01,95.05
2022-11-19,20.33,16.09,0.0,2.32,95.05
2022-11-20,21.38,16.2,0.0,1.4,94.91
2022-11-21,22.64,17.29,0.0,1.08,94.89
2022-11-22,22.1,17.85,0.09,1.31,94.93
2022-11-23,22.31,19.94,0.73,1.98,94.97
2022-11-24,23.29,20.77,0.43,1.16,94.98
2022-11-25,23.26,20.67,0.14,2.57,95.08
2022-11-26,22.63,20.33,0.56,2.15,95.03
2022-11-27,23.49,21.3,7.43,1.49,94.86
2022-11-28,23.53,21.27,4.86,1.07,94.89
2022-11-29,23.2,21.28,5.23,1.78,94.96
2022-11-30,21.89,18.95,0.99,2.37,95.05
2022-12-01,22.07,19.51,0.46,2.62,95.01
2022-12-02,23.38,20.71,0.27,2.62,94.97
2022-12-03,23.15,20.45,1.18,3.06,94.99
2022-12-04,22.96,20.87,7.26,2.95,95.07
2022-12-05,21.64,19.67,0.94,2.98,95.12
2022-12-06,22.85,19.65,0.0,2.31,95.03
2022-12-07,22.11,17.86,0.0,1.51,94.97
2022-12-08,21.45,15.78,1.15,1.53,94.89
2022-12-09,19.97,18.0,10.44,2.18,94.75
2022-12-10,21.41,19.32,10.29,3.92,94.55
2022-12-11,22.3,20.91,9.16,3.6,94.67
2022-12-12,22.81,21.07,10.54,2.64,94.78
2022-12-13,23.02,20.79,18.86,1.63,94.96
2022-12-14,22.44,20.51,8.58,2.76,95.1
2022-12-15,21.85,18.81,0.31,2.81,95.03
2022-12-16,20.93,16.23,0.0,2.44,94.99
2022-12-17,21.29,18.09,0.0,2.89,95.03
2022-12-18,22.07,19.64,0.0,3.16,94.96
2022-12-19,21.4,17.12,0.0,2.98,94.88
2022-12-20,21.6,18.79,0.0,2.32,94.86
2022-12-21,22.32,17.59,0.0,2.4,94.88
2022-12-22,21.54,15.32,0.0,2.23,94.91
2022-12-23,22.19,16.48,0.0,1.75,94.88
2022-12-24,23.3,19.23,0.0,1.86,94.97
2022-12-25,23.19,20.07,8.83,2.84,94.99
2022-12-26,23.01,20.77,5.78,3.92,95.12
2022-12-27,22.77,20.41,1.91,3.82,95.25
2022-12-28,23.03,20.06,0.34,3.17,95.37
2022-12-29,22.49,19.14,0.0,3.11,95.49
2022-12-30,21.61,17.36,0.0,2.92,95.55
2022-12-31,21.55,16.29,0.0,2.21,95.51
2023-01-01,21.14,15.69,0.0,2.31,95.43
2023-01-02,20.62,15.84,0.0,3.17,95.39
2023-01-03,21.18,16.74,0.0,2.99,95.42
2023-01-04,21.42,16.74,0.0,3.04,95.33
2023-01-05,21.21,16.17,0.0,3.27,95.34
2023-01-06,21.47,16.86,0.0,3.56,95.44
2023-01-07,21.66,16.65,0.0,3.62,95.36
2023-01-08,22.23,17.66,0.01,2.91,95.27
2023-01-09,21.93,16.59,0.0,2.91,95.38
2023-01-10,20.16,12.32,0.0,3.3,95.35
2023-01-11,20.63,12.78,0.0,2.66,95.22
2023-01-12,20.63,12.46,0.0,2.71,95.12
2023-01-13,20.95,13.43,0.0,2.27,95.16
2023-01-14,21.07,13.26,0.0,2.2,95.15
2023-01-15,20.88,13.46,0.0,2.36,95.1
2023-01-16,21.04,13.31,0.0,2.64,95.12
2023-01-17,21.03,13.7,0.0,2.58,95.2
2023-01-18,20.89,14.18,0.0,3.16,95.29
2023-01-19,21.08,12.89,0.0,3.14,95.26
2023-01-20,20.72,14.71,0.0,3.41,95.27
2023-01-21,22.03,15.35,0.0,2.8,95.19
2023-01-22,21.85,14.37,0.0,3.02,95.11
2023-01-23,22.79,17.46,1.26,2.69,95.06
2023-01-24,22.93,19.28,4.34,2.24,95.1
2023-01-25,22.91,16.5,0.12,2.62,95.07
2023-01-26,22.03,14.86,0.0,2.75,95.07
2023-01-27,21.62,13.19,0.0,2.88,95.08
2023-01-28,21.49,11.03,0.0,3.04,95.03
2023-01-29,22.02,13.39,0.0,3.1,94.94
2023-01-30,23.68,18.19,0.25,2.15,95.02
2023-01-31,24.63,16.81,0.19,2.51,94.96
2023-02-01,24.41,13.79,0.0,2.8,94.97
2023-02-02,23.29,15.09,1.08,3.44,95.02
2023-02-03,23.89,17.46,2.16,3.11,95.05
2023-02-04,24.08,17.55,3.17,3.56,95.0
2023-02-05,24.15,13.5,0.03,2.9,94.98
2023-02-06,23.7,14.1,0.0,2.61,95.04
2023-02-07,24.02,13.91,0.0,1.9,95.04
2023-02-08,23.72,14.3,0.0,2.76,95.03
2023-02-09,23.69,14.41,0.0,2.65,95.11
2023-02-10,23.6,13.01,0.0,3.39,95.17
2023-02-11,23.25,12.21,0.0,2.85,95.21
2023-02-12,23.51,10.79,0.0,3.11,95.22
2023-02-13,23.36,10.15,0.0,3.61,95.23
2023-02-14,23.4,10.68,0.0,2.75,95.2
2023-02-15,23.94,10.46,0.0,2.76,95.04
2023-02-16,23.64,10.92,0.0,3.62,95.08
2023-02-17,23.43,11.3,0.0,3.3,95.14
2023-02-18,23.66,12.1,0.0,2.84,95.18
2023-02-19,24.37,12.53,0.0,2.64,95.18
2023-02-20,25.39,12.86,0.0,1.82,95.16
2023-02-21,25.38,11.14,0.0,2.66,95.19
2023-02-22,25.15,9.18,0.0,3.37,95.16
2023-02-23,23.74,9.54,0.0,3.47,95.15
2023-02-24,25.18,11.44,0.0,2.58,95.19
2023-02-25,25.37,7.5,0.0,3.47,95.33
2023-02-26,24.58,7.64,0.0,3.77,95.4
2023-02-27,23.91,9.27,0.0,3.84,95.4
2023-02-28,24.59,13.02,0.01,3.65,95.4
2023-03-01,26.59,16.17,0.04,4.63,95.36
2023-03-02,25.98,10.64,0.03,4.36,95.44
2023-03-03,24.68,5.48,0.0,4.3,95.47
2023-03-04,25.57,10.56,0.0,4.21,95.46
2023-03-05,26.35,13.41,1.35,3.71,95.38
2023-03-06,25.39,7.9,0.03,3.47,95.27
2023-03-07,25.46,8.13,0.0,3.44,95.22
2023-03-08,25.51,11.36,0.0,4.0,95.19
2023-03-09,25.95,12.54,0.0,3.81,95.16
2023-03-10,26.14,11.97,0.0,3.53,95.12
2023-03-11,26.8,12.05,0.0,3.33,95.1
2023-03-12,26.82,12.95,0.0,4.01,95.12
2023-03-13,27.01,14.49,0.0,3.79,95.02
2023-03-14,27.25,11.71,0.0,2.63,94.92
2023-03-15,28.75,13.9,0.12,1.45,94.83
2023-03-16,28.21,17.74,0.47,1.15,94.93
2023-03-17,27.97,18.92,7.19,1.13,94.9
2023-03-18,26.99,19.85,2.47,2.03,94.88
2023-03-19,26.87,18.87,1.25,2.43,94.81
2023-03-20,26.62,17.62,1.33,3.05,94.76
2023-03-21,26.53,15.1,0.09,3.11,94.77
2023-03-22,26.62,11.75,0.02,2.15,94.82
2023-03-23,27.63,16.43,0.34,2.0,94.82
2023-03-24,27.99,18.39,2.44,1.42,94.86
2023-03-25,26.41,20.72,5.14,1.32,94.99
2023-03-26,27.18,19.66,2.49,1.62,94.96
2023-03-27,26.63,20.1,0.42,1.74,94.93
2023-03-28,28.72,19.38,0.9,1.81,94.89
2023-03-29,27.29,20.89,4.88,1.51,95.01
2023-03-30,27.87,19.38,3.28,1.34,94.92
2023-03-31,28.27,19.13,1.15,1.65,94.85
2023-04-01,27.73,18.82,1.29,1.99,94.88
2023-04-02,27.12,19.31,1.77,2.04,94.84
2023-04-03,25.4,20.07,3.47,1.37,94.88
2023-04-04,26.38,20.36,3.17,1.27,94.93
2023-04-05,27.9,19.39,0.18,1.44,94.88
2023-04-06,28.23,19.45,0.03,1.31,94.9
2023-04-07,28.59,17.12,0.01,2.73,95.05
2023-04-08,28.66,15.66,0.01,3.62,95.2
2023-04-09,28.58,15.07,0.03,2.75,95.19
2023-04-10,29.12,15.62,0.36,3.26,95.08
2023-04-11,28.94,15.46,0.49,2.85,95.09
2023-04-12,28.98,14.13,0.0,2.34,95.05
2023-04-13,29.8,9.95,0.0,2.3,95.03
2023-04-14,29.18,13.13,0.0,1.63,95.04
2023-04-15,29.73,13.9,0.0,2.33,94.92
2023-04-16,28.81,13.7,0.0,1.88,94.84
2023-04-17,29.26,14.09,0.0,1.81,94.84
2023-04-18,30.14,14.55,0.0,1.84,94.93
2023-04-19,30.1,15.78,0.0,1.82,94.78
2023-04-20,30.11,18.85,0.0,3.17,94.6
2023-04-21,29.94,19.0,0.28,3.09,94.57
2023-04-22,30.17,19.47,1.93,2.39,94.58
2023-04-23,29.75,20.47,1.45,2.16,94.62
2023-04-24,28.05,20.39,4.37,1.54,94.76
2023-04-25,27.95,20.23,5.01,1.75,94.84
2023-04-26,25.79,21.94,8.39,2.19,94.86
2023-04-27,27.34,20.97,6.87,2.21,94.87
2023-04-28,27.35,19.91,5.65,2.29,94.91
2023-04-29,26.89,21.75,18.81,1.76,94.86
2023-04-30,26.95,21.41,3.5,1.59,94.73
2023-05-01,24.67,22.44,26.95,1.62,94.7
2023-05-02,26.04,22.36,10.29,2.24,94.73
2023-05-03,24.71,21.77,3.96,2.65,94.9
2023-05-04,25.39,20.94,2.56,2.02,94.86
2023-05-05,24.6,20.6,2.63,2.18,94.8
2023-05-06,25.22,20.75,6.22,2.13,94.74
2023-05-07,24.51,20.78,2.21,2.72,94.77
2023-05-08,25.23,21.17,3.96,1.71,94.75
2023-05-09,27.0,21.07,2.04,1.87,94.74
2023-05-10,26.79,21.77,1.49,2.07,94.72
2023-05-11,26.68,22.12,2.91,2.01,94.8
2023-05-12,26.48,21.07,0.63,3.39,94.9
2023-05-13,26.93,20.59,0.0,4.08,94.93
2023-05-14,26.66,21.44,0.0,3.37,94.87
2023-05-15,27.16,22.31,0.0,3.55,94.87
2023-05-16,28.41,21.71,0.25,2.74,94.91
2023-05-17,26.96,21.36,2.06,2.02,94.99
2023-05-18,28.27,21.47,0.5,2.13,95.03
2023-05-19,26.93,22.28,1.83,2.02,94.98
2023-05-20,27.78,21.75,1.18,2.62,94.92
2023-05-21,27.29,22.08,4.7,2.12,94.97
2023-05-22,26.64,22.37,2.41,1.98,95.03
2023-05-23,27.75,20.96,0.34,2.26,95.06
2023-05-24,26.39,22.42,7.04,2.59,95.08
2023-05-25,26.61,22.17,2.69,3.23,95.09
2023-05-26,27.2,21.6,3.32,3.19,95.11
2023-05-27,26.75,21.72,3.5,2.93,94.95
2023-05-28,27.27,21.93,0.82,1.72,94.84
2023-05-29,27.19,22.03,1.72,1.5,94.82
2023-05-30,27.17,21.81,1.02,2.46,94.91
2023-05-31,26.59,21.08,1.3,2.08,94.93
2023-06-01,26.5,21.91,0.46,3.65,94.89
2023-06-02,26.69,21.47,4.98,2.81,94.88
2023-06-03,27.29,21.35,1.48,3.13,94.85
2023-06-04,26.11,21.45,1.65,3.13,94.85
2023-06-05,25.94,21.98,2.07,3.74,94.85
2023-06-06,26.66,21.49,2.07,3.93,94.8
2023-06-07,26.29,22.05,3.79,4.41,94.77
2023-06-08,26.12,21.76,3.36,4.23,94.82
2023-06-09,26.25,21.76,2.1,4.76,94.75
2023-06-10,25.72,21.07,1.26,5.16,94.73
2023-06-11,26.13,21.57,0.91,4.58,94.68
2023-06-12,26.09,22.22,6.36,4.19,94.71
2023-06-13,25.97,21.85,3.48,4.36,94.75
2023-06-14,25.45,21.89,1.77,4.14,94.88
2023-06-15,26.76,21.5,0.31,3.92,94.84
2023-06-16,27.2,21.13,0.18,4.8,94.81
2023-06-17,25.1,22.33,7.29,4.18,94.83
2023-06-18,25.65,21.75,4.49,3.53,94.81
2023-06-19,25.91,19.87,0.43,3.04,94.73
2023-06-20,26.14,21.02,7.81,2.68,94.66
2023-06-21,26.3,21.73,13.32,2.96,94.7
2023-06-22,25.31,21.03,8.53,3.22,94.73
2023-06-23,24.7,19.38,1.52,3.86,94.77
2023-06-24,24.65,20.45,0.21,3.97,94.73
2023-06-25,24.57,21.05,3.89,3.97,94.75
2023-06-26,24.31,18.85,0.54,4.1,94.77
2023-06-27,24.41,20.25,5.33,4.12,94.84
2023-06-28,24.98,19.67,1.46,4.3,94.89
2023-06-29,25.15,20.7,3.2,4.56,94.96
2023-06-30,24.41,19.69,1.56,3.68,94.93
2023-07-01,25.53,20.83,1.74,3.43,94.92
2023-07-02,24.24,19.67,4.04,4.58,94.92
2023-07-03,24.71,21.2,11.05,5.79,94.79
2023-07-04,24.52,21.09,9.63,6.85,94.65
2023-07-05,23.66,21.05,15.37,6.65,94.57
2023-07-06,24.12,21.27,10.31,5.92,94.71
2023-07-07,23.8,20.85,9.92,5.27,94.89
2023-07-08,24.37,20.58,4.42,3.91,94.96
2023-07-09,24.66,20.93,2.56,3.48,94.85
2023-07-10,25.22,21.67,4.47,2.79,94.83
2023-07-11,24.94,20.81,3.35,3.41,94.81
2023-07-12,24.61,19.98,0.66,4.06,94.81
2023-07-13,24.18,19.39,2.26,4.16,94.87
2023-07-14,24.39,20.09,0.37,4.51,94.94
2023-07-15,24.85,20.56,0.33,4.01,94.91
2023-07-16,25.27,21.43,0.89,3.9,94.85
2023-07-17,25.05,21.48,0.89,4.56,94.81
2023-07-18,24.63,21.58,4.5,5.75,94.79
2023-07-19,24.73,21.2,4.46,7.0,94.66
2023-07-20,25.13,21.25,1.94,6.83,94.65
2023-07-21,24.58,20.87,2.82,7.08,94.74
2023-07-22,24.14,20.4,6.36,6.95,94.86
2023-07-23,23.74,20.7,14.02,6.28,94.89
2023-07-24,23.25,20.53,11.41,5.89,94.83
2023-07-25,22.81,20.26,5.66,4.77,94.88
2023-07-26,23.66,20.29,4.07,5.8,94.95
2023-07-27,23.99,20.27,0.99,5.7,94.99
2023-07-28,24.33,20.19,0.55,5.51,94.93
2023-07-29,24.87,20.57,0.08,5.26,94.9
2023-07-30,25.13,20.69,0.04,4.93,94.85
2023-07-31,25.38,20.96,0.21,5.4,94.83
2023-08-01,25.23,20.71,0.12,5.28,94.87
2023-08-02,24.58,20.64,0.71,5.12,94.93
2023-08-03,25.11,20.96,0.9,5.18,94.91
2023-08-04,25.22,21.08,0.61,4.82,95.04
2023-08-05,25.53,20.84,0.21,4.77,95.14
2023-08-06,25.8,21.15,0.87,4.15,95.02
2023-08-07,25.82,21.22,0.31,3.93,94.86
2023-08-08,25.09,21.11,5.33,3.36,94.89
2023-08-09,25.21,21.12,3.56,3.06,95.0
2023-08-10,24.96,21.75,6.6,2.28,95.01
2023-08-11,25.75,21.85,5.3,1.96,94.95
2023-08-12,24.98,21.6,4.82,3.02,94.97
2023-08-13,25.52,21.01,1.3,3.39,94.93
2023-08-14,25.35,20.37,0.05,3.55,94.95
2023-08-15,24.99,20.03,0.07,3.56,94.97
2023-08-16,25.56,20.26,0.04,3.76,94.99
2023-08-17,25.67,20.75,0.02,4.61,94.98
2023-08-18,24.95,20.46,0.19,4.69,94.9
2023-08-19,25.22,20.73,0.25,4.96,94.84
2023-08-20,26.04,21.07,0.42,4.29,94.78
2023-08-21,26.64,20.72,0.08,3.3,94.72
2023-08-22,26.46,21.6,2.26,2.59,94.75
2023-08-23,26.24,20.63,3.47,3.4,94.78
2023-08-24,26.01,20.5,0.67,3.81,94.8
2023-08-25,25.39,20.03,0.0,3.36,94.83
2023-08-26,25.93,20.71,0.15,3.2,94.9
2023-08-27,26.04,20.79,0.59,3.2,94.96
2023-08-28,26.33,20.58,0.27,3.34,94.9
2023-08-29,25.54,21.15,7.92,3.13,94.81
2023-08-30,24.45,21.45,7.19,3.73,94.86
2023-08-31,25.38,21.38,6.2,3.32,94.86
2023-09-01,25.24,21.81,17.23,2.48,94.87
2023-09-02,24.59,21.45,8.49,3.8,94.88
2023-09-03,23.94,20.38,4.88,4.36,94.81
2023-09-04,23.59,20.14,1.02,4.38,94.67
2023-09-05,23.7,20.31,4.91,4.7,94.7
2023-09-06,23.28,20.3,6.92,4.08,94.79
2023-09-07,23.47,20.12,6.69,3.94,94.88
2023-09-08,24.19,20.23,1.45,4.63,94.93
2023-09-09,24.69,20.94,2.71,4.72,94.89
2023-09-10,23.77,19.77,5.1,5.26,94.86
2023-09-11,23.68,19.61,4.43,4.55,94.91
2023-09-12,24.23,20.5,1.27,3.8,94.9
2023-09-13,25.26,20.84,0.72,4.1,94.86
2023-09-14,24.21,21.0,2.54,4.16,94.89
2023-09-15,23.37,20.36,3.33,4.44,94.96
2023-09-16,24.53,21.02,3.92,4.22,94.94
2023-09-17,24.83,21.54,11.72,3.45,94.84
2023-09-18,24.82,21.51,13.01,3.68,94.82
2023-09-19,24.87,21.83,13.87,3.76,94.92
2023-09-20,24.49,21.34,3.04,3.26,94.97
2023-09-21,23.98,21.03,6.45,2.57,94.97
2023-09-22,24.41,21.71,5.42,2.65,94.95
2023-09-23,24.45,21.57,5.02,3.61,94.94
2023-09-24,23.89,21.45,2.09,3.07,94.95
2023-09-25,24.84,21.03,0.97,3.22,94.84
2023-09-26,24.8,21.1,2.64,3.5,94.83
2023-09-27,24.41,20.18,2.77,3.89,94.87
2023-09-28,23.87,20.66,5.11,4.41,94.88
2023-09-29,23.23,20.94,5.49,4.63,94.89
2023-09-30,24.01,20.98,9.89,4.56,94.95
2023-10-01,24.63,22.15,7.67,5.18,94.9
2023-10-02,24.73,21.91,4.01,4.06,94.97
2023-10-03,25.0,20.96,0.27,3.35,95.01
2023-10-04,25.08,20.64,0.1,3.13,95.02
2023-10-05,24.78,19.42,0.11,3.05,94.96
2023-10-06,24.12,17.66,0.09,2.88,94.92
2023-10-07,24.32,18.39,0.72,2.1,94.91
2023-10-08,25.04,20.84,8.2,2.24,95.01
2023-10-09,24.96,21.63,8.77,2.11,95.15
2023-10-10,25.11,21.25,7.88,2.36,95.11
2023-10-11,23.54,21.09,13.26,2.44,95.08
2023-10-12,24.2,21.67,3.37,1.28,95.12
2023-10-13,25.17,20.29,2.12,1.45,95.21
2023-10-14,24.33,20.96,19.59,0.91,95.21
2023-10-15,23.33,22.04,23.56,1.44,95.07
2023-10-16,24.25,21.26,7.56,1.79,95.08
2023-10-17,23.05,20.57,13.82,1.33,95.17
2023-10-18,24.86,20.73,1.33,1.79,95.21
2023-10-19,25.24,20.6,1.27,1.56,95.2
2023-10-20,25.16,20.65,1.04,1.72,95.18
2023-10-21,25.06,20.68,0.53,1.89,95.19
2023-10-22,25.05,20.74,0.28,1.61,95.22
2023-10-23,24.55,21.26,0.45,1.19,95.15
2023-10-24,24.98,20.89,1.65,1.34,95.11
2023-10-25,24.89,21.34,20.98,1.05,95.19
2023-10-26,25.03,21.37,5.43,1.25,95.2
2023-10-27,24.96,21.05,0.29,1.59,95.1
2023-10-28,24.97,21.28,0.4,1.67,95.08
2023-10-29,23.66,21.3,6.47,2.08,95.11
2023-10-30,23.03,21.09,9.52,2.3,95.11
2023-10-31,23.48,20.63,6.11,2.02,95.16
2023-11-01,24.28,21.36,18.05,1.49,95.13
2023-11-02,24.6,21.59,5.69,2.23,95.07
2023-11-03,24.14,21.72,7.83,1.86,94.96
2023-11-04,24.36,21.92,30.29,1.07,94.91
2023-11-05,22.75,21.46,11.03,1.07,95.07
2023-11-06,24.48,21.13,8.44,0.68,95.19
2023-11-07,23.64,21.98,16.49,1.66,95.15
2023-11-08,24.09,21.62,21.13,1.26,95.15
2023-11-09,23.04,21.16,15.16,1.95,95.21
2023-11-10,23.02,20.66,1.56,2.56,95.31
2023-11-11,23.11,20.58,0.38,2.7,95.3
2023-11-12,22.3,18.88,0.06,2.53,95.31
2023-11-13,22.59,19.6,0.53,2.35,95.25
2023-11-14,22.0,19.24,3.67,2.7,95.14
2023-11-15,23.41,18.94,0.69,1.35,95.12
2023-11-16,23.93,21.18,0.27,1.16,95.17
2023-11-17,24.43,21.6,1.14,1.68,95.15
2023-11-18,24.34,21.74,0.58,2.26,95.13
2023-11-19,23.68,20.96,0.26,3.25,95.15
2023-11-20,24.08,20.66,0.0,1.82,95.11
2023-11-21,24.48,21.81,6.4,1.3,95.05
2023-11-22,23.62,22.38,31.16,1.28,94.99
2023-11-23,23.49,21.85,8.34,2.92,94.93
2023-11-24,23.17,21.35,2.52,2.58,95.0
2023-11-25,23.71,21.84,4.32,2.89,95.11
2023-11-26,23.31,21.53,3.49,4.05,95.16
2023-11-27,23.7,21.43,2.84,3.22,95.09
2023-11-28,23.34,21.49,2.08,2.56,94.99
2023-11-29,23.0,21.29,2.2,2.67,95.01
2023-11-30,22.73,20.73,1.19,2.61,95.08
2023-12-01,23.63,20.94,0.84,1.82,95.0
2023-12-02,24.21,20.24,0.65,1.36,94.89
2023-12-03,24.8,21.95,2.69,1.72,94.83
2023-12-04,24.81,21.93,0.86,2.03,94.75
2023-12-05,24.29,21.8,0.02,2.13,94.76
2023-12-06,24.28,21.48,0.0,1.57,94.91
2023-12-07,24.29,21.71,3.94,1.3,94.99
2023-12-08,23.37,22.58,29.61,0.92,95.03
2023-12-09,23.15,21.66,17.5,2.53,95.12
2023-12-10,23.33,21.02,2.15,2.77,95.1
2023-12-11,22.72,20.13,1.21,2.51,95.12
2023-12-12,22.37,20.44,0.63,2.36,95.04
2023-12-13,22.09,19.67,0.01,2.77,95.06
2023-12-14,21.24,18.01,0.01,3.06,95.19
2023-12-15,22.14,20.08,0.06,2.35,95.19
2023-12-16,23.74,21.36,1.82,2.75,95.11
2023-12-17,22.5,21.17,15.11,4.06,95.08
2023-12-18,21.53,20.13,4.29,3.99,95.19
2023-12-19,20.99,18.86,0.92,3.94,95.24
2023-12-20,22.06,19.45,1.16,3.55,95.25
2023-12-21,22.36,20.48,0.9,3.23,95.25
2023-12-22,22.94,20.53,0.06,2.66,95.24
2023-12-23,21.14,18.36,0.0,3.0,95.32
2023-12-24,20.98,18.16,0.05,2.92,95.4
2023-12-25,22.92,20.61,0.61,3.93,95.32
2023-12-26,21.73,18.08,0.03,4.05,95.33
2023-12-27,21.58,18.01,0.0,3.98,95.34
2023-12-28,22.42,19.54,0.04,4.11,95.25
2023-12-29,22.92,20.15,0.44,3.99,95.27
2023-12-30,22.02,19.26,0.53,3.75,95.25
2023-12-31,21.51,17.72,0.01,3.3,95.25
2024-01-01,22.23,18.53,0.0,2.28,95.26
2024-01-02,22.22,19.05,0.81,2.57,95.2
2024-01-03,22.28,19.23,1.45,2.06,95.16
2024-01-04,22.41,20.5,8.41,2.15,95.15
2024-01-05,22.9,20.73,8.79,2.2,95.12
2024-01-06,22.11,19.69,2.15,2.5,95.14
2024-01-07,22.69,19.75,0.48,2.94,95.14
2024-01-08,22.83,20.52,4.23,3.99,95.19
2024-01-09,22.25,20.46,13.76,4.08,95.19
2024-01-10,21.74,18.83,0.58,3.4,95.23
2024-01-11,21.76,17.91,0.0,3.96,95.2
2024-01-12,21.73,18.15,0.0,4.28,95.25
2024-01-13,22.06,18.38,0.0,3.5,95.29
2024-01-14,22.73,18.6,0.0,2.82,95.23
2024-01-15,22.03,17.56,0.0,2.35,95.25
2024-01-16,21.7,17.24,0.0,1.98,95.14
2024-01-17,21.77,16.82,0.0,1.89,95.08
2024-01-18,21.97,15.84,0.0,1.69,95.15
2024-01-19,23.32,18.69,0.27,2.01,95.14
2024-01-20,23.93,20.16,0.55,2.68,95.23
2024-01-21,23.69,18.32,0.03,2.61,95.27
2024-01-22,23.61,18.13,0.0,2.44,95.34
2024-01-23,23.2,18.15,0.0,2.18,95.31
2024-01-24,23.66,18.68,0.28,1.28,95.26
2024-01-25,23.5,17.87,0.0,2.37,95.34
2024-01-26,22.71,16.47,0.0,3.16,95.5
2024-01-27,22.74,16.27,0.0,3.44,95.49
2024-01-28,23.22,17.13,0.0,3.33,95.43
2024-01-29,22.78,15.99,0.0,2.73,95.38
2024-01-30,23.06,15.48,0.0,2.0,95.32
2024-01-31,23.92,17.52,0.0,1.81,95.3
2024-02-01,24.7,17.59,0.0,1.48,95.3
2024-02-02,25.15,18.48,0.01,1.04,95.25
2024-02-03,25.58,19.34,0.08,2.59,95.29
2024-02-04,24.27,16.68,0.0,3.07,95.47
2024-02-05,23.41,15.02,0.0,3.28,95.49
2024-02-06,23.31,15.11,0.0,3.38,95.44
2024-02-07,23.58,14.53,0.0,3.2,95.42
2024-02-08,23.83,14.01,0.0,2.94,95.32
2024-02-09,23.7,15.04,0.0,3.4,95.36
2024-02-10,23.94,16.24,0.0,3.78,95.45
2024-02-11,24.38,16.4,0.0,3.8,95.51
2024-02-12,23.43,14.75,0.0,3.82,95.44
2024-02-13,24.02,15.66,0.0,3.61,95.39
2024-02-14,25.25,17.39,0.0,3.64,95.3
2024-02-15,24.26,15.46,0.0,3.82,95.3
2024-02-16,24.69,16.17,0.0,4.05,95.31
2024-02-17,25.04,15.56,0.0,3.15,95.2
2024-02-18,24.76,13.94,0.0,2.71,95.16
2024-02-19,25.47,16.6,0.0,2.68,95.2
2024-02-20,26.34,17.37,0.04,2.43,95.21
2024-02-21,27.28,18.77,0.13,1.63,95.12
2024-02-22,27.27,16.61,0.0,2.35,95.14
2024-02-23,27.2,16.68,0.0,2.13,95.09
2024-02-24,27.39,17.61,0.0,1.41,95.06
2024-02-25,27.51,17.28,0.0,2.88,95.01
2024-02-26,26.57,15.74,0.0,4.59,95.07
2024-02-27,27.32,17.27,0.0,4.62,95.12
2024-02-28,26.91,14.42,0.0,3.57,95.08
2024-02-29,26.89,12.87,0.0,3.44,95.15
2024-03-01,25.61,14.12,0.0,3.52,95.25
2024-03-02,26.33,10.74,0.0,2.63,95.21
2024-03-03,27.46,12.57,0.0,1.9,95.12
2024-03-04,28.19,13.65,0.0,1.62,95.1
2024-03-05,28.35,12.93,0.0,2.14,95.1
2024-03-06,28.63,13.31,0.0,1.71,95.11
2024-03-07,28.7,12.62,0.0,1.7,95.07
2024-03-08,28.99,14.2,0.0,1.21,95.08
2024-03-09,29.41,15.66,0.0,1.47,95.09
2024-03-10,29.58,16.0,0.0,1.4,95.22
2024-03-11,29.32,14.2,0.0,2.27,95.36
2024-03-12,29.08,13.81,0.0,2.46,95.3
2024-03-13,29.04,15.11,0.12,1.53,95.22
2024-03-14,29.21,18.75,0.28,2.02,95.19
2024-03-15,29.91,17.88,0.04,1.53,95.07
2024-03-16,29.63,14.86,0.04,1.9,95.1
2024-03-17,28.69,11.77,0.0,2.63,95.13
2024-03-18,28.84,11.75,0.0,1.98,95.1
2024-03-19,29.04,11.53,0.0,2.18,95.05
2024-03-20,29.01,11.45,0.02,2.1,95.03
2024-03-21,28.9,15.08,0.1,2.68,95.04
2024-03-22,29.82,16.01,0.03,2.53,94.89
2024-03-23,29.81,16.19,0.32,2.55,94.91
2024-03-24,29.51,12.37,0.14,3.06,95.06
2024-03-25,28.95,11.96,0.0,3.26,95.09
2024-03-26,29.02,8.27,0.12,2.89,95.16
2024-03-27,28.92,7.21,0.0,2.39,95.27
2024-03-28,29.78,11.98,0.08,2.05,95.14
2024-03-29,30.51,15.72,0.21,2.22,95.04
2024-03-30,30.41,15.1,0.0,2.3,95.12
2024-03-31,30.41,15.41,0.0,0.94,95.14
2024-04-01,30.84,16.8,0.0,1.28,94.97
2024-04-02,31.03,18.41,0.12,1.85,94.84
2024-04-03,30.96,18.26,0.44,1.71,94.91
2024-04-04,31.16,18.21,0.24,2.04,94.92
2024-04-05,31.57,17.96,0.44,1.77,94.88
2024-04-06,31.03,16.42,0.0,1.73,94.82
2024-04-07,31.17,16.96,0.0,2.13,94.78
2024-04-08,31.79,17.38,0.06,1.78,94.83
2024-04-09,31.22,15.9,0.08,3.05,94.91
2024-04-10,30.67,15.5,0.26,3.04,94.93
2024-04-11,30.84,17.8,6.71,2.64,94.95
2024-04-12,28.95,21.18,9.1,2.62,94.96
2024-04-13,28.42,20.1,1.41,2.35,94.99
2024-04-14,28.94,18.72,0.46,2.79,95.0
2024-04-15,29.52,17.56,0.0,3.1,95.04
2024-04-16,30.1,17.88,0.0,2.45,94.98
2024-04-17,30.31,21.26,0.0,2.04,94.91
2024-04-18,29.48,21.6,0.0,3.01,94.83
2024-04-19,29.54,21.42,0.0,2.85,94.7
2024-04-20,30.86,19.78,0.0,2.41,94.68
2024-04-21,31.36,19.22,0.41,1.65,94.72
2024-04-22,30.56,20.4,0.65,2.09,94.81
2024-04-23,30.67,19.06,0.04,1.65,94.73
2024-04-24,30.3,17.56,0.07,1.46,94.71
2024-04-25,30.95,17.77,0.09,2.37,94.69
2024-04-26,31.35,17.83,0.0,2.05,94.69
2024-04-27,31.26,16.81,0.0,2.02,94.69
2024-04-28,31.91,16.15,0.0,1.98,94.75
2024-04-29,32.21,15.34,0.0,1.74,94.82
2024-04-30,31.65,18.22,0.09,2.42,94.75
2024-05-01,31.71,20.96,0.08,3.32,94.6
2024-05-02,32.09,20.96,0.0,3.04,94.61
2024-05-03,30.47,22.16,0.3,3.9,94.73
2024-05-04,30.23,19.97,4.08,3.08,94.76
2024-05-05,29.9,19.8,2.99,3.56,94.69
2024-05-06,30.55,18.86,0.12,3.73,94.73
2024-05-07,30.06,19.61,3.41,2.54,94.87
2024-05-08,29.77,21.33,1.51,1.78,94.81
2024-05-09,28.9,21.64,5.62,1.38,94.78
2024-05-10,27.0,22.28,4.78,0.86,94.86
2024-05-11,27.84,22.41,7.04,1.21,94.95
2024-05-12,27.19,22.86,7.76,0.98,94.93
2024-05-13,27.04,22.72,7.09,1.54,94.86
2024-05-14,27.57,21.82,3.82,1.28,94.88
2024-05-15,28.46,21.57,6.09,1.39,94.87
2024-05-16,26.79,22.02,7.14,1.44,94.92
2024-05-17,27.61,21.74,18.49,1.23,94.79
2024-05-18,26.13,22.97,20.25,1.8,94.64
2024-05-19,25.29,22.72,16.5,3.81,94.49
2024-05-20,23.95,22.14,17.65,2.6,94.47
2024-05-21,25.07,21.92,26.17,1.52,94.53
2024-05-22,25.49,23.44,20.91,3.27,94.36
2024-05-23,25.05,23.86,14.83,2.01,94.26
2024-05-24,25.58,23.35,9.35,3.19,94.34
2024-05-25,24.88,21.98,3.87,3.96,94.5
2024-05-26,24.92,22.48,1.11,4.47,94.56
2024-05-27,25.33,21.75,1.26,5.01,94.62
2024-05-28,24.98,23.05,4.99,4.61,94.67
2024-05-29,25.49,22.74,6.94,4.28,94.63
2024-05-30,25.97,23.32,2.26,3.66,94.63
2024-05-31,26.05,23.53,2.46,3.21,94.65
2024-06-01,26.28,24.28,4.87,3.39,94.72
2024-06-02,25.4,22.63,8.57,1.69,94.8
2024-06-03,25.6,22.85,3.89,2.36,94.81
2024-06-04,25.76,22.73,1.29,2.94,94.86
2024-06-05,25.3,23.03,4.0,2.81,94.89
2024-06-06,24.27,22.11,19.57,2.87,94.99
2024-06-07,24.47,21.85,6.01,3.08,94.85
2024-06-08,24.85,22.5,5.59,4.31,94.83
2024-06-09,24.77,22.19,2.98,4.87,94.78
2024-06-10,24.62,21.92,2.73,5.04,94.86
2024-06-11,24.2,21.08,3.63,4.49,94.89
2024-06-12,24.4,20.43,5.17,4.46,94.98
2024-06-13,24.32,20.34,1.39,3.91,94.97
2024-06-14,24.86,21.34,0.6,3.25,94.85
2024-06-15,25.23,22.21,0.43,3.68,94.78
2024-06-16,25.53,22.17,1.77,3.34,94.78
2024-06-17,24.67,21.27,2.32,3.24,94.84
2024-06-18,24.86,21.67,9.27,3.68,94.81
2024-06-19,24.72,21.72,5.82,4.25,94.73
2024-06-20,24.33,21.21,2.14,4.75,94.75
2024-06-21,24.18,20.6,1.17,4.24,94.75
2024-06-22,23.35,20.92,3.11,4.05,94.62
2024-06-23,23.3,20.68,8.06,5.03,94.56
2024-06-24,23.34,20.81,7.55,5.71,94.54
2024-06-25,23.62,20.27,30.92,6.78,94.56
2024-06-26,23.52,20.75,8.24,6.53,94.6
2024-06-27,23.26,20.15,3.09,5.52,94.73
2024-06-28,23.71,20.91,2.41,4.16,94.77
2024-06-29,23.93,21.69,5.25,3.71,94.82
2024-06-30,24.19,21.82,1.85,2.99,94.9
2024-07-01,23.48,21.34,19.4,3.57,94.95
2024-07-02,24.01,20.5,3.28,3.32,94.8
2024-07-03,24.46,21.73,3.5,3.89,94.81
2024-07-04,24.03,21.06,1.18,3.95,94.9
2024-07-05,23.97,21.08,1.74,3.99,94.82
2024-07-06,23.07,20.99,3.31,4.37,94.75
2024-07-07,23.9,21.11,2.24,4.59,94.7
2024-07-08,23.23,21.31,4.48,4.84,94.62
2024-07-09,23.31,21.07,1.88,4.35,94.72
2024-07-10,23.75,21.34,2.94,3.86,94.94
2024-07-11,23.72,20.3,1.44,3.3,94.88
2024-07-12,24.32,21.05,10.92,4.18,94.78
2024-07-13,22.91,20.76,8.28,5.1,94.81
2024-07-14,23.97,21.04,8.25,6.04,94.62
2024-07-15,23.73,21.94,25.63,7.78,94.57
2024-07-16,23.05,21.12,13.28,7.38,94.61
2024-07-17,23.41,21.25,15.98,6.57,94.73
2024-07-18,23.44,21.26,6.99,7.21,94.76
2024-07-19,23.86,21.71,6.97,6.92,94.62
2024-07-20,24.12,21.85,2.63,6.09,94.65
2024-07-21,24.17,21.82,0.52,6.36,94.7
2024-07-22,23.54,21.08,2.76,5.77,94.9
2024-07-23,23.53,20.73,2.01,5.67,94.95
2024-07-24,23.78,20.72,2.49,6.04,94.78
2024-07-25,23.81,20.84,13.48,7.2,94.69
2024-07-26,23.65,21.6,6.38,7.02,94.74
2024-07-27,23.85,21.53,3.08,6.12,94.81
2024-07-28,24.05,21.33,4.46,6.47,94.63
2024-07-29,24.36,22.29,32.08,6.61,94.55
2024-07-30,23.31,21.53,9.97,4.71,94.8
2024-07-31,24.07,22.26,6.74,4.14,94.87
2024-08-01,24.39,22.35,9.12,4.46,94.85
2024-08-02,23.61,21.49,2.4,4.75,94.9
2024-08-03,23.48,21.19,2.27,3.65,94.97
2024-08-04,23.93,21.46,5.19,3.4,94.95
2024-08-05,23.66,21.36,2.68,2.93,94.95
2024-08-06,23.73,21.46,6.34,3.02,94.82
2024-08-07,23.47,21.65,5.42,3.09,94.83
2024-08-08,23.61,21.57,2.11,3.34,94.88
2024-08-09,24.25,22.12,4.2,2.95,94.91
2024-08-10,24.14,22.42,10.89,2.68,94.88
2024-08-11,24.63,22.44,8.84,2.13,94.72
2024-08-12,25.31,22.84,6.56,1.92,94.65
2024-08-13,25.65,22.7,26.27,1.62,94.64
2024-08-14,25.56,22.74,14.81,1.3,94.63
2024-08-15,25.58,22.88,11.21,1.16,94.53
2024-08-16,25.58,23.45,6.43,1.58,94.41
2024-08-17,24.94,23.21,2.68,3.34,94.52
2024-08-18,24.98,22.51,4.66,0.95,94.64
2024-08-19,24.77,22.95,3.9,2.38,94.62
2024-08-20,24.38,22.17,7.14,2.11,94.62
2024-08-21,23.38,21.66,3.24,3.9,94.74
2024-08-22,23.87,21.85,0.25,3.8,94.85
2024-08-23,24.19,21.92,0.0,3.26,94.96
2024-08-24,23.85,21.76,0.48,4.15,95.04
2024-08-25,23.78,21.7,0.92,4.69,95.01
2024-08-26,24.04,21.7,1.14,4.96,94.93
2024-08-27,24.23,21.96,1.97,4.31,94.98
2024-08-28,23.62,21.49,2.81,3.71,95.01
2024-08-29,24.1,21.95,6.82,4.44,94.86
2024-08-30,23.78,22.46,6.93,4.03,94.85
2024-08-31,23.9,21.84,3.99,4.4,94.85
2024-09-01,23.66,21.39,2.36,4.21,94.78
2024-09-02,23.69,21.4,5.44,4.42,94.8
2024-09-03,24.29,22.15,3.47,4.14,94.88
2024-09-04,24.47,22.2,3.52,4.15,94.91
2024-09-05,24.44,22.11,1.36,3.79,94.8
2024-09-06,24.14,22.14,1.1,3.62,94.83
2024-09-07,24.32,22.05,1.8,3.7,94.92
2024-09-08,24.39,21.86,4.44,4.37,94.96
2024-09-09,23.93,22.2,3.74,4.45,94.79
2024-09-10,24.63,22.3,3.55,5.39,94.74
2024-09-11,24.65,22.27,2.44,4.32,94.85
2024-09-12,24.18,21.39,0.6,3.72,94.98
2024-09-13,24.5,21.43,0.05,3.22,94.9
2024-09-14,24.75,21.36,0.2,3.54,94.86
2024-09-15,24.62,21.31,0.08,3.54,94.87
2024-09-16,24.8,21.29,0.01,3.41,94.88
2024-09-17,24.92,21.51,0.01,3.82,94.83
2024-09-18,24.43,20.2,0.0,3.45,94.73
2024-09-19,23.55,20.28,0.0,3.05,94.76
2024-09-20,24.84,21.17,0.06,3.16,94.74
2024-09-21,24.91,21.33,0.41,3.84,94.8
2024-09-22,24.68,21.45,3.92,3.51,94.72
2024-09-23,23.78,20.93,2.56,3.93,94.69
2024-09-24,23.86,21.69,2.77,4.38,94.62
2024-09-25,24.39,21.05,0.55,4.75,94.65
2024-09-26,24.13,21.08,0.78,3.55,94.69
2024-09-27,24.64,20.84,0.52,2.84,94.85
2024-09-28,25.33,21.79,3.84,1.35,94.9
2024-09-29,24.85,21.16,6.43,2.11,94.97
2024-09-30,24.94,21.53,3.46,1.72,94.97
2024-10-01,26.16,21.55,1.57,1.44,94.85
2024-10-02,25.99,22.3,2.9,1.82,94.91
2024-10-03,25.3,22.62,0.28,2.33,94.9
2024-10-04,24.59,22.25,7.17,2.19,94.93
2024-10-05,23.7,21.29,10.34,2.02,94.94
2024-10-06,24.07,21.3,10.62,0.99,94.91
2024-10-07,23.79,21.08,9.55,2.47,94.95
2024-10-08,24.93,21.89,11.11,1.17,95.01
2024-10-09,24.63,22.54,9.97,1.81,94.87
2024-10-10,24.18,21.78,1.75,2.15,94.79
2024-10-11,23.4,21.63,14.53,2.02,94.81
2024-10-12,23.58,21.96,11.81,1.14,94.85
2024-10-13,24.22,22.24,28.96,1.02,94.89
2024-10-14,23.82,22.0,11.4,0.67,94.89
2024-10-15,22.01,20.39,17.7,2.09,94.89
2024-10-16,22.27,20.47,4.8,3.18,94.81
2024-10-17,23.47,21.3,1.88,3.63,94.8
2024-10-18,24.27,22.14,6.3,2.35,94.86
2024-10-19,23.15,21.86,2.64,1.45,95.01
2024-10-20,24.83,21.57,8.45,0.76,95.04
2024-10-21,24.81,22.51,8.26,1.08,95.05
2024-10-22,24.64,22.03,22.94,1.19,95.05
2024-10-23,24.81,22.1,17.86,0.99,95.02
2024-10-24,22.56,20.99,9.6,2.22,95.04
2024-10-25,23.82,21.06,8.18,1.74,95.02
2024-10-26,24.12,21.8,4.48,1.96,94.99
2024-10-27,23.85,21.42,0.3,2.29,94.88
2024-10-28,23.22,20.49,0.84,2.33,94.84
2024-10-29,23.98,21.28,0.4,1.96,94.9
2024-10-30,24.52,21.87,0.04,1.55,94.92
2024-10-31,25.21,22.22,7.72,0.88,94.99
2024-11-01,24.65,22.46,14.96,1.32,95.09
2024-11-02,24.02,22.3,10.21,1.98,95.12
2024-11-03,23.92,22.04,12.0,2.27,95.12
2024-11-04,23.7,21.53,13.66,2.34,95.05
2024-11-05,23.08,20.8,3.18,2.26,95.1
2024-11-06,23.96,20.11,0.02,1.29,95.11
2024-11-07,24.0,21.26,3.16,1.46,95.08
2024-11-08,24.09,21.48,1.08,2.57,95.07
2024-11-09,23.28,20.72,0.43,2.82,95.07
2024-11-10,23.1,19.39,0.0,2.56,95.07
2024-11-11,23.47,18.8,0.02,1.83,95.0
2024-11-12,23.98,19.89,0.61,1.21,94.91
2024-11-13,23.46,21.9,1.66,2.51,94.84
2024-11-14,23.05,21.69,9.07,2.8,94.98
2024-11-15,23.2,21.64,7.83,2.84,95.06
2024-11-16,23.27,21.61,7.33,2.89,94.98
2024-11-17,23.51,21.76,5.77,3.12,94.97
2024-11-18,22.8,20.73,1.2,3.71,95.04
2024-11-19,23.04,20.63,1.0,3.2,95.09
2024-11-20,22.17,19.97,0.15,2.99,95.07
2024-11-21,22.06,19.76,0.32,2.59,95.05
2024-11-22,22.6,20.4,0.01,2.33,95.01
2024-11-23,22.33,19.74,0.0,2.41,95.12
2024-11-24,22.77,20.18,0.0,2.88,95.11
2024-11-25,21.8,19.13,0.01,2.5,95.04
2024-11-26,21.74,19.84,4.49,1.97,94.93
2024-11-27,22.59,20.57,1.52,2.02,94.84
2024-11-28,23.97,19.54,0.22,1.64,94.77
2024-11-29,23.6,20.52,1.98,2.23,94.73
2024-11-30,24.01,21.72,2.98,2.27,94.63
2024-12-01,24.01,22.53,22.51,3.33,94.49
2024-12-02,24.03,23.08,20.35,3.33,94.45
2024-12-03,23.61,22.28,16.26,2.79,94.78
2024-12-04,23.54,21.14,1.03,2.63,94.98
2024-12-05,23.31,21.27,0.91,2.32,95.05
2024-12-06,23.04,20.8,0.08,2.3,95.06
2024-12-07,23.26,21.06,0.74,2.12,95.04
2024-12-08,22.92,20.55,0.13,2.11,95.04
2024-12-09,22.96,20.37,0.01,1.89,95.01
2024-12-10,22.94,20.31,0.1,2.13,95.0
2024-12-11,22.72,20.21,0.99,2.78,94.98
2024-12-12,22.41,20.95,18.49,3.09,94.94
2024-12-13,22.28,21.33,18.95,4.52,94.97
2024-12-14,21.95,19.81,3.15,3.99,95.15
2024-12-15,20.44,17.7,0.88,3.27,95.24
2024-12-16,20.39,17.78,0.0,2.76,95.15
2024-12-17,21.82,17.58,0.0,1.43,95.02
2024-12-18,22.86,19.22,0.0,1.37,94.91
2024-12-19,23.18,20.82,0.0,1.38,94.9
2024-12-20,24.12,21.38,0.0,1.63,94.88
2024-12-21,24.59,22.38,0.57,1.58,94.9
2024-12-22,24.09,21.37,0.28,1.16,94.99
2024-12-23,23.27,20.47,0.03,1.1,95.01
2024-12-24,22.9,19.79,0.0,1.18,95.02
2024-12-25,23.09,19.5,0.0,1.06,95.1
2024-12-26,23.62,20.67,3.08,1.47,95.23
2024-12-27,23.37,21.19,3.27,3.59,95.34
2024-12-28,22.16,19.23,0.11,3.65,95.34
2024-12-29,22.06,19.05,0.07,3.05,95.32
2024-12-30,22.46,20.04,0.78,3.6,95.27
2024-12-31,22.77,19.92,0.06,4.52,95.28
2025-01-01,21.21,17.24,0.0,3.93,95.22
2025-01-02,20.55,17.33,0.0,3.67,95.22
2025-01-03,20.26,16.85,0.0,3.92,95.2
2025-01-04,19.81,15.99,0.0,3.2,95.16
2025-01-05,19.92,15.53,0.0,2.96,95.18
2025-01-06,20.1,15.32,0.0,2.74,95.16
2025-01-07,20.35,15.93,0.0,2.6,95.14
2025-01-08,20.98,17.1,0.0,2.67,95.1
2025-01-09,20.57,16.32,0.0,3.04,95.18
2025-01-10,22.12,18.37,0.01,3.07,95.28
2025-01-11,22.96,18.53,0.0,3.31,95.29
2025-01-12,22.68,18.57,0.02,2.96,95.22
2025-01-13,23.21,20.38,3.32,3.17,95.09
2025-01-14,22.99,18.94,1.06,3.93,95.2
2025-01-15,22.49,18.06,0.36,4.11,95.26
2025-01-16,22.05,17.27,0.0,4.21,95.27
2025-01-17,21.72,17.01,0.0,4.03,95.12
2025-01-18,21.67,17.97,3.31,3.76,95.08
2025-01-19,22.61,19.66,5.59,3.4,95.11
2025-01-20,23.01,18.37,0.52,3.08,95.06
2025-01-21,21.72,15.05,0.01,3.05,95.0
2025-01-22,22.23,17.0,0.0,3.05,95.0
2025-01-23,22.52,17.19,0.0,3.34,95.04
2025-01-24,22.06,15.95,0.0,3.54,95.0
2025-01-25,22.43,16.61,0.0,3.77,95.06
2025-01-26,21.36,13.73,0.0,3.98,95.06
2025-01-27,21.4,14.11,0.0,3.31,95.01
2025-01-28,21.59,15.04,0.0,2.47,95.05
2025-01-29,22.17,14.21,0.0,3.08,95.14
2025-01-30,23.27,17.34,0.05,2.54,95.07
2025-01-31,25.06,20.23,0.24,2.54,94.99
2025-02-01,25.28,19.52,0.04,2.74,95.04
2025-02-02,25.05,17.67,0.0,2.66,95.08
2025-02-03,23.82,15.54,0.0,2.38,95.14
2025-02-04,22.92,12.37,0.0,2.96,95.15
2025-02-05,22.5,14.31,0.0,3.28,95.06
2025-02-06,22.45,15.47,0.0,3.18,95.05
2025-02-07,22.49,12.97,0.0,3.4,95.18
2025-02-08,22.54,14.96,0.0,3.62,95.16
2025-02-09,23.39,15.35,0.0,3.39,95.12
2025-02-10,22.96,15.13,0.0,3.12,95.2
2025-02-11,23.06,13.87,0.0,2.87,95.25
2025-02-12,23.46,13.7,0.0,3.19,95.21
2025-02-13,23.82,11.87,0.0,3.0,95.21
2025-02-14,23.77,11.06,0.0,2.44,95.17
2025-02-15,24.52,12.2,0.0,2.53,95.09
2025-02-16,24.09,13.64,0.0,3.06,95.13
2025-02-17,24.11,14.79,0.0,3.32,95.26
2025-02-18,24.16,13.31,0.0,3.1,95.25
2025-02-19,24.62,13.47,0.0,2.76,95.09
2025-02-20,25.12,14.32,0.0,2.82,95.15
2025-02-21,24.97,14.6,0.0,3.35,95.24
2025-02-22,25.58,15.01,0.0,3.13,95.3
2025-02-23,25.86,13.04,0.0,3.35,95.27
2025-02-24,25.01,13.13,0.0,3.7,95.28
2025-02-25,25.54,15.2,0.01,3.99,95.36
2025-02-26,25.76,16.02,0.06,4.34,95.31
2025-02-27,25.35,11.89,0.0,3.96,95.19
2025-02-28,25.78,14.73,0.56,3.9,95.12
2025-03-01,26.35,19.12,2.18,3.87,95.03
2025-03-02,27.02,19.34,0.67,3.1,94.98
2025-03-03,26.84,18.78,0.59,2.83,95.02
2025-03-04,27.39,12.23,0.0,3.29,95.0
2025-03-05,27.35,11.6,0.0,2.52,95.03
2025-03-06,28.59,14.71,0.0,1.77,95.06
2025-03-07,28.34,15.86,0.2,1.83,94.97
2025-03-08,29.07,17.94,0.48,1.22,94.82
2025-03-09,27.72,12.75,0.0,3.21,94.92
2025-03-10,26.09,11.65,0.0,3.98,95.13
2025-03-11,25.52,18.83,16.26,5.04,95.13
2025-03-12,24.79,20.58,10.02,3.12,95.11
2025-03-13,26.35,19.37,3.97,2.53,94.99
2025-03-14,27.02,16.84,0.0,2.39,95.02
2025-03-15,26.48,15.03,0.0,2.32,95.07
2025-03-16,27.11,17.87,0.36,1.66,95.09
2025-03-17,25.82,21.36,2.99,1.53,95.09
2025-03-18,27.48,20.37,0.22,1.17,95.03
2025-03-19,27.96,20.25,0.32,1.74,95.16
2025-03-20,27.57,18.16,0.2,2.62,95.28
2025-03-21,27.83,19.71,0.65,2.05,95.28
2025-03-22,27.02,21.38,2.76,1.42,95.22
2025-03-23,27.34,20.39,2.6,1.85,95.18
2025-03-24,27.15,20.26,0.87,2.16,95.13
2025-03-25,27.55,17.56,0.31,2.19,94.93
2025-03-26,27.67,18.17,1.34,1.39,94.85
2025-03-27,27.57,19.64,1.04,1.88,94.82
2025-03-28,28.62,18.77,0.01,1.65,94.75
2025-03-29,28.59,14.39,0.01,2.44,94.76
2025-03-30,28.18,11.0,0.0,2.46,94.85
2025-03-31,28.91,14.22,0.0,2.12,94.85
2025-04-01,28.24,17.91,2.17,1.02,94.76
2025-04-02,26.71,20.36,8.47,1.75,94.91
2025-04-03,26.14,21.1,14.35,1.43,95.09
2025-04-04,26.59,20.42,16.79,1.86,95.08
2025-04-05,26.84,20.56,15.05,1.01,95.0
2025-04-06,27.19,21.02,6.17,1.32,94.89
2025-04-07,27.24,21.1,5.02,1.55,94.93
2025-04-08,27.58,20.2,0.44,1.5,95.02
2025-04-09,26.74,20.43,0.66,1.67,94.97
2025-04-10,25.62,21.31,0.12,2.94,94.83
2025-04-11,26.52,21.1,4.93,3.06,94.79
2025-04-12,26.19,20.92,2.94,2.61,94.87
2025-04-13,27.8,20.38,1.06,1.73,94.88
2025-04-14,27.94,20.5,5.35,1.71,94.87
2025-04-15,27.97,20.36,1.75,1.59,94.86
2025-04-16,27.82,20.34,0.11,1.86,94.91
2025-04-17,27.24,20.88,0.2,2.09,94.84
2025-04-18,27.07,21.7,2.61,2.7,94.83
2025-04-19,27.64,21.18,0.84,2.58,94.79
2025-04-20,27.81,21.19,0.56,2.22,94.82
2025-04-21,28.06,20.92,0.2,1.39,94.93
2025-04-22,28.67,19.3,1.55,1.81,95.03
2025-04-23,28.12,20.72,2.5,2.17,94.91
2025-04-24,28.01,21.75,1.61,2.5,94.79
2025-04-25,28.1,22.5,0.71,1.48,94.78
2025-04-26,27.74,22.52,0.28,1.61,94.79
2025-04-27,27.25,21.76,0.98,1.09,94.87
2025-04-28,27.19,21.52,1.62,1.63,94.76
2025-04-29,27.33,21.61,0.13,1.49,94.75
2025-04-30,27.36,22.4,0.79,2.37,94.79
2025-05-01,27.41,21.95,0.98,1.6,94.88
2025-05-02,26.8,23.22,3.79,1.24,94.89
2025-05-03,27.32,21.79,2.17,1.85,94.85
2025-05-04,27.44,21.17,0.5,2.18,94.78
2025-05-05,27.13,21.54,1.92,2.25,94.81
2025-05-06,27.16,21.44,0.77,2.51,94.84
2025-05-07,26.16,21.98,5.11,2.39,94.8
2025-05-08,27.62,21.1,4.78,2.54,94.76
2025-05-09,28.34,19.67,0.1,2.29,94.79
2025-05-10,28.15,19.67,0.05,2.28,94.82
2025-05-11,28.35,20.63,0.35,3.4,94.76
2025-05-12,27.75,21.99,2.63,2.79,94.67
2025-05-13,26.98,23.0,3.08,2.71,94.65
2025-05-14,26.15,22.53,4.47,2.54,94.72
2025-05-15,26.49,22.3,9.1,2.72,94.79
2025-05-16,27.33,21.53,3.71,3.0,94.73
2025-05-17,26.46,20.95,6.61,2.98,94.72
2025-05-18,24.37,21.22,24.87,2.95,94.63
2025-05-19,25.51,21.35,6.27,2.99,94.48
2025-05-20,25.01,21.52,7.69,5.52,94.47
2025-05-21,25.46,20.41,0.75,5.83,94.6
2025-05-22,26.63,21.13,0.24,4.37,94.65
2025-05-23,26.41,22.88,9.33,5.37,94.52
2025-05-24,25.67,22.67,26.8,6.1,94.53
2025-05-25,25.01,22.71,24.04,7.04,94.62
2025-05-26,25.12,22.19,29.11,7.45,94.58
2025-05-27,25.9,23.85,20.69,7.12,94.47
2025-05-28,25.65,23.57,13.84,7.6,94.44
2025-05-29,25.11,21.92,10.37,7.57,94.46
2025-05-30,23.91,21.29,14.47,6.86,94.59
2025-05-31,24.4,21.65,0.87,5.16,94.82
2025-06-01,25.04,22.08,1.62,3.96,94.92
2025-06-02,25.16,22.67,2.21,3.85,94.87
2025-06-03,25.61,22.01,3.15,4.21,94.89
2025-06-04,24.24,21.06,2.4,3.76,94.91
2025-06-05,25.21,20.58,1.42,2.79,94.88
2025-06-06,26.01,21.55,0.53,2.71,94.89
2025-06-07,26.08,21.97,0.27,3.52,94.91
2025-06-08,26.08,22.67,1.35,3.41,94.83
2025-06-09,25.21,22.61,2.13,3.72,94.74
2025-06-10,25.28,22.44,5.63,4.39,94.53
2025-06-11,24.94,22.54,9.35,5.02,94.46
2025-06-12,24.71,22.18,4.51,5.48,94.4
2025-06-13,24.86,21.81,8.02,7.15,94.46
2025-06-14,24.73,22.16,12.39,7.31,94.57
2025-06-15,23.79,20.96,18.85,7.75,94.64
2025-06-16,23.97,21.11,9.93,7.27,94.67
2025-06-17,24.65,22.48,10.78,5.62,94.81
2025-06-18,24.7,22.43,4.66,4.81,94.82
2025-06-19,24.73,22.83,5.16,4.75,94.84
2025-06-20,24.81,22.61,3.68,4.3,94.87
2025-06-21,24.97,22.52,1.55,4.31,94.86
2025-06-22,24.97,22.34,12.28,4.8,94.84
2025-06-23,24.33,21.29,7.94,5.46,94.82
2025-06-24,24.77,21.97,4.73,5.3,94.71
2025-06-25,24.47,22.18,14.57,5.21,94.7
2025-06-26,24.56,21.94,7.67,5.43,94.73
2025-06-27,24.22,21.67,8.04,4.75,94.81
2025-06-28,24.59,22.38,2.9,4.99,94.81
2025-06-29,24.67,22.22,0.69,4.27,94.79
2025-06-30,24.21,22.13,0.81,4.1,94.75
2025-07-01,24.27,22.13,2.79,4.27,94.78
2025-07-02,23.8,21.37,7.04,5.56,94.78
2025-07-03,23.33,20.36,1.76,4.86,94.88
2025-07-04,23.49,21.05,2.93,4.95,94.93
2025-07-05,24.29,21.51,2.48,5.01,94.88
2025-07-06,24.65,22.05,4.05,6.04,94.8
2025-07-07,24.62,22.1,2.99,6.08,94.76
2025-07-08,24.71,21.97,2.15,4.99,94.82
2025-07-09,24.85,21.89,1.36,4.9,94.81
2025-07-10,24.79,21.97,1.86,4.16,94.73
2025-07-11,24.79,22.24,5.22,4.47,94.71
2025-07-12,24.8,22.01,4.58,4.54,94.78
2025-07-13,24.25,22.03,3.12,4.89,94.79
2025-07-14,23.71,20.81,3.79,5.43,94.82
2025-07-15,24.32,21.18,2.78,5.15,94.74
2025-07-16,24.44,21.76,14.59,5.25,94.65
2025-07-17,24.29,21.66,3.68,5.26,94.63
2025-07-18,24.46,21.65,3.04,5.25,94.61
2025-07-19,23.58,21.24,8.08,6.72,94.49
2025-07-20,23.3,20.52,3.41,6.3,94.49
2025-07-21,23.44,20.37,4.27,4.1,94.61
2025-07-22,24.44,21.38,4.27,4.68,94.69
2025-07-23,24.29,21.38,4.32,5.79,94.61
2025-07-24,23.2,20.23,6.49,6.4,94.6
2025-07-25,23.29,20.25,6.98,7.2,94.62
2025-07-26,23.51,20.74,11.43,7.14,94.74
2025-07-27,23.58,20.53,3.24,5.75,94.83
2025-07-28,24.01,20.53,0.42,5.33,94.82
2025-07-29,24.16,20.54,0.27,5.6,94.84
2025-07-30,24.61,21.23,0.98,5.39,94.8
2025-07-31,24.91,21.77,2.38,4.92,94.76
2025-08-01,24.77,21.68,1.37,3.94,94.7
2025-08-02,24.0,21.92,6.8,3.06,94.68
2025-08-03,23.63,22.06,4.11,2.79,94.76
2025-08-04,24.44,22.43,4.3,2.86,94.76
2025-08-05,23.62,22.15,6.25,3.95,94.72
2025-08-06,24.08,21.24,4.55,4.65,94.7
2025-08-07,24.41,21.77,0.53,4.74,94.66
2025-08-08,24.5,21.97,0.43,2.65,94.72
2025-08-09,24.04,21.69,0.83,2.61,94.89
2025-08-10,24.01,21.22,3.59,2.85,94.89
2025-08-11,23.69,19.67,1.34,3.85,94.93
2025-08-12,23.59,19.93,1.78,4.01,94.82
2025-08-13,23.11,19.84,4.07,5.01,94.71
2025-08-14,23.1,20.42,4.48,4.86,94.75
2025-08-15,23.51,20.43,4.79,6.0,94.67
2025-08-16,23.83,21.17,10.57,5.42,94.52
2025-08-17,23.62,21.28,9.68,5.83,94.56
2025-08-18,23.23,20.59,3.4,5.82,94.75
2025-08-19,23.97,20.79,1.91,6.04,94.81
2025-08-20,23.59,20.14,0.48,4.1,94.85
2025-08-21,24.8,21.21,1.3,2.7,94.93
2025-08-22,24.69,21.5,1.14,2.23,94.9
2025-08-23,24.65,21.31,0.57,2.81,94.9
2025-08-24,25.04,20.97,0.32,3.08,94.9
2025-08-25,24.28,20.77,0.04,2.8,94.87
2025-08-26,24.7,21.05,0.78,4.02,94.85
2025-08-27,24.17,21.36,4.67,4.92,94.78
2025-08-28,23.79,21.68,11.83,5.43,94.74
2025-08-29,23.88,20.38,2.42,4.88,94.81
2025-08-30,24.7,21.53,3.84,4.54,94.89
2025-08-31,24.27,21.81,4.7,3.96,94.83
2025-09-01,23.99,21.36,0.59,4.36,94.71
2025-09-02,24.31,21.03,0.71,4.69,94.67
2025-09-03,24.27,21.28,5.29,5.06,94.66
2025-09-04,24.33,21.57,4.71,4.3,94.74
2025-09-05,24.63,21.62,4.06,3.6,94.81
2025-09-06,24.84,21.73,3.03,3.3,94.86
2025-09-07,24.71,21.59,1.29,3.07,94.83
2025-09-08,25.42,21.03,1.23,2.59,94.78
2025-09-09,24.59,22.12,9.35,1.68,94.84
2025-09-10,25.62,21.83,8.87,2.28,94.84
2025-09-11,24.84,21.66,6.91,2.33,94.8
2025-09-12,24.86,21.51,0.63,2.0,94.79
2025-09-13,24.8,21.31,0.06,3.02,94.82
2025-09-14,24.7,20.72,0.78,3.09,94.86
2025-09-15,24.69,21.19,1.6,3.43,94.81
2025-09-16,24.16,22.16,2.36,2.83,94.79
2025-09-17,24.17,22.25,7.77,3.31,94.81
2025-09-18,23.88,22.45,7.51,3.75,94.79
2025-09-19,23.93,21.21,4.61,3.09,94.92
2025-09-20,24.53,20.32,2.23,3.02,94.88
2025-09-21,24.7,21.48,2.66,3.19,94.8
2025-09-22,24.77,21.66,1.04,3.72,94.87
2025-09-23,24.47,21.41,1.01,4.03,94.93
2025-09-24,24.78,21.25,1.23,4.0,94.82
2025-09-25,24.37,20.9,3.54,3.89,94.74
2025-09-26,24.59,21.12,3.11,4.84,94.72
2025-09-27,23.84,20.77,2.89,5.14,94.82
2025-09-28,24.09,21.46,3.74,5.08,94.83
2025-09-29,24.64,21.38,2.87,4.72,94.8
2025-09-30,24.18,21.08,0.15,3.71,94.72
2025-10-01,24.91,21.17,0.1,3.58,94.7
2025-10-02,24.92,21.66,0.64,3.13,94.84
2025-10-03,25.12,21.82,6.2,2.23,95.0
2025-10-04,24.84,20.71,0.94,2.59,95.11
2025-10-05,24.67,20.97,6.3,2.19,95.08
2025-10-06,24.8,21.13,2.08,1.6,95.07
2025-10-07,24.39,20.7,0.08,1.48,95.08
2025-10-08,25.67,21.27,0.45,1.36,95.01
2025-10-09,24.87,22.31,6.32,1.3,94.99
2025-10-10,25.21,22.07,3.04,1.72,94.85
2025-10-11,24.66,21.93,7.98,1.93,94.82
2025-10-12,24.57,21.91,7.13,2.47,94.78
2025-10-13,25.43,22.11,7.2,1.73,94.79
2025-10-14,25.16,21.97,9.34,3.34,94.67
2025-10-15,24.59,21.77,10.72,2.82,94.63
2025-10-16,24.0,22.09,6.53,3.16,94.66
2025-10-17,24.39,22.35,19.16,3.61,94.75
2025-10-18,24.09,22.02,19.61,3.66,94.78
2025-10-19,24.02,21.78,22.19,3.07,94.69
2025-10-20,23.48,21.79,12.14,2.88,94.69
2025-10-21,23.33,21.74,8.87,2.11,94.72
2025-10-22,23.3,22.03,22.98,2.48,94.68
2025-10-23,23.91,21.77,2.06,3.04,94.81
2025-10-24,23.48,22.09,5.24,3.08,94.9
2025-10-25,23.71,21.7,1.41,2.7,94.9
2025-10-26,24.31,22.31,0.72,2.56,94.91
2025-10-27,23.31,21.91,6.76,3.61,94.89
2025-10-28,23.5,21.87,3.34,3.92,94.76
2025-10-29,24.09,21.98,2.5,4.06,94.78
2025-10-30,24.03,21.73,0.42,2.92,94.96
2025-10-31,23.98,21.23,0.02,2.66,95.1
2025-11-01,23.42,20.52,0.0,2.23,95.13
2025-11-02,23.64,20.45,0.0,2.48,95.18
2025-11-03,24.67,21.56,0.0,2.01,95.11
2025-11-04,24.55,21.47,0.0,2.36,95.04
2025-11-05,24.32,21.35,2.87,1.79,94.9
2025-11-06,23.26,19.6,3.46,2.29,94.97
2025-11-07,23.57,19.28,0.28,1.09,95.04
2025-11-08,23.74,21.02,0.97,1.18,95.11
2025-11-09,23.49,18.73,0.2,1.74,95.03
2025-11-10,23.64,20.35,0.09,1.08,95.03
2025-11-11,24.14,21.22,1.76,1.56,95.06
2025-11-12,24.37,20.98,0.75,2.41,95.11
2025-11-13,24.13,20.71,1.88,2.84,95.16
2025-11-14,23.78,20.89,3.36,3.29,95.1
2025-11-15,22.38,17.69,0.18,2.38,95.19
2025-11-16,23.4,19.69,0.06,2.81,95.24
2025-11-17,23.34,19.94,0.52,3.11,95.18
2025-11-18,22.9,20.37,11.23,2.99,95.04
2025-11-19,23.79,20.45,1.46,3.84,95.04
2025-11-20,23.67,18.93,0.06,2.54,95.12
2025-11-21,24.46,20.66,4.15,2.9,95.2
2025-11-22,23.39,21.39,6.61,3.33,95.18
2025-11-23,22.89,21.19,13.15,3.34,95.18
2025-11-24,22.39,20.77,7.02,3.69,95.19
2025-11-25,22.71,19.45,0.18,3.47,95.16
2025-11-26,22.44,18.57,0.0,3.53,95.13
2025-11-27,22.05,17.81,0.0,3.42,95.21
2025-11-28,20.7,16.55,0.93,2.5,95.1
2025-11-29,21.44,17.51,9.43,1.72,94.98
2025-11-30,21.77,19.39,1.53,1.94,94.91
2025-12-01,23.97,20.42,0.85,1.36,94.96
2025-12-02,23.89,20.91,3.27,1.13,94.93
2025-12-03,23.12,21.4,6.42,1.54,94.97
2025-12-04,22.82,20.03,3.65,2.03,95.16
2025-12-05,22.75,20.39,2.72,3.82,95.23
2025-12-06,22.45,19.78,0.15,3.37,95.3
2025-12-07,22.0,18.72,0.15,2.98,95.28
2025-12-08,21.84,17.47,0.03,2.79,95.24
2025-12-09,21.8,17.88,0.02,2.81,95.18
2025-12-10,22.55,17.83,0.0,3.31,95.2
2025-12-11,21.13,16.02,0.0,3.4,95.2
2025-12-12,20.84,16.47,0.0,3.24,95.15
2025-12-13,20.33,14.57,0.0,2.95,95.19
2025-12-14,19.5,12.82,0.0,2.96,95.22
2025-12-15,19.28,12.88,0.0,3.05,95.2
2025-12-16,21.46,18.5,3.12,3.68,95.14
2025-12-17,23.41,19.41,0.94,4.39,95.22
2025-12-18,20.6,14.81,0.0,4.17,95.26
2025-12-19,20.19,14.56,0.0,3.35,95.14
2025-12-20,20.06,14.99,0.0,2.58,95.07
2025-12-21,19.57,13.79,0.0,2.96,95.09
2025-12-22,20.08,14.43,0.0,2.92,95.1
2025-12-23,20.91,15.38,0.0,2.7,95.04
2025-12-24,20.85,15.41,0.0,2.33,95.06
2025-12-25,20.71,14.81,0.0,2.46,95.13
2025-12-26,21.88,17.14,0.0,2.81,95.09
2025-12-27,21.74,15.91,0.0,2.81,95.12
2025-12-28,21.86,16.36,0.0,2.61,95.19
2025-12-29,22.64,17.76,0.0,2.5,95.15
2025-12-30,23.52,18.14,0.0,1.46,95.13
2025-12-31,23.82,18.34,1.13,1.63,95.0
